Mã hàng,Mã vạch,Tên hàng,ĐVT,Parent_SKU
HPKAQU1001,497655585824007,Áo yếm sọc thêu hoạt hình,Cái,
HPKAQU1001-01,497655585823131,Áo yếm sọc thêu hoạt hình size 01,Cái,
HPKAQU1001-0S,497655585823130,Áo yếm sọc thêu hoạt hình size S,Cái,
HPKAQU1002,497655585824006,Áo sọc tai thỏ,Cái,
HPKAQU1002-01,497655585823233,Áo sọc tai thỏ size 01,Cái,
HPKAQU1002-03,497655585823230,Áo sọc tai thỏ size 03,Cái,
HPKAQU1002-07,497655585823231,Áo sọc tai thỏ size 07,Cái,
HPKAQU1002-0S,497655585823232,Áo sọc tai thỏ size S,Cái,
HPKAQU1003,497655585824005,Áo Red Panda,Cái,
HPKAQU1003-01,497655585823132,Áo Red Panda size 01,Cái,
HPKAQU1003-04,497655585823227,Áo Red Panda size 04,Cái,
HPKAQU1003-06,497655585823228,Áo Red Panda size 06,Cái,
HPKAQU1003-07,497655585823229,Áo Red Panda size 07,Cái,
HPKAQU1003-0S,497655585823226,Áo Red Panda size S,Cái,
HPKAQU1004,497655585824004,Áo kẻ sọc Bear,Cái,
HPKAQU1004-00,497655585824086,Áo kẻ sọc Bear size 00,Cái,
HPKAQU1004-01,497655585823234,Áo kẻ sọc Bear size 01,Cái,
HPKAQU1004-02,497655585824085,Áo kẻ sọc Bear size 02,Cái,
HPKAQU1004-03,497655585824238,Áo kẻ sọc Bear size 03,Cái,
HPKAQU1004-04,497655585823235,Áo kẻ sọc Bear size 04,Cái,
HPKAQU1004-05,497655585823238,Áo kẻ sọc Bear size 05,Cái,
HPKAQU1004-06,497655585823239,Áo kẻ sọc Bear size 06,Cái,
HPKAQU1004-07,497655585823240,Áo kẻ sọc Bear size 07,Cái,
HPKAQU1004-08,497655585824087,Áo kẻ sọc Bear size 08,Cái,
HPKAQU1004-09,497655585824088,Áo kẻ sọc Bear size 09,Cái,
HPKAQU1004-10,497655585824089,Áo kẻ sọc Bear size 10,Cái,
HPKAQU1004-11,497655585823241,Áo kẻ sọc Bear size 11,Cái,
HPKAQU1004-12,497655585824090,Áo kẻ sọc Bear size 12,Cái,
HPKAQU1004-13,497655585824091,Áo kẻ sọc Bear size 13,Cái,
HPKAQU1004-14,497655585824092,Áo kẻ sọc Bear size 14,Cái,
HPKAQU1004-15,497655585824239,Áo kẻ sọc Bear size 15,Cái,
HPKAQU1005,497655585824003,Áo Cute Rabbit,Cái,
HPKAQU1005-01,497655585823242,Áo Cute Rabbit size 01,Cái,
HPKAQU1005-03,497655585823243,Áo Cute Rabbit size 03,Cái,
HPKAQU1005-05,497655585823244,Áo Cute Rabbit size 05,Cái,
HPKAQU1005-06,497655585823245,Áo Cute Rabbit size 06,Cái,
HPKAQU1005-07,497655585823246,Áo Cute Rabbit size 07,Cái,
HPKAQU1005-09,497655585823247,Áo Cute Rabbit size 09,Cái,
HVSXXX1001,8809644818291,"Kem đánh răng cho chó mèo Signatureby StomoAct BEO Toothpaste, 90g/hộp",Hộp,
HVTCON0000,497655585824029,Cồn 70,Lít,
HVTGIN0000,497655585823313,Giấy in nhiệt dùng cho máy Vetube,Cuộn,
MHCTKM1001,8850477025165,Me-O Senior Cat Mackerel Flavour - 400g ( 18 x 1 / Carton ),Gói,
MHCTKM1002,497655585823321,Pure Nature mèo chicken 200g (KM),Gói,
MHCTKM1003,497655585823322,Pure Nature mèo salmon 200g (KM),Gói,
MHCTKM1004,497655585823323,Pure Nature mèo Diet 200g (KM),Gói,
MTPCHI1004,6973033842142,TA cho mèo S2PET V2 1kg,Túi,
MTPCHI1005,6973033841565,TA cho mèo S2PET Premium (1kg),Túi,
MTPPHU2001,8809557030063,"Sữa mèo trưởng thành (dạng nước) Dr.HOLI PET MILK CAT, 200mL",Bịch,
MTPPHU2002,8809557030421,"TA BSDD cho mèo con dưới 12 tháng tuổi (dạng nước) Dr.HOLI PET MILK KITTEN, 180mL",Bịch,
THT1003,89938534079618,Thuốc thú y ANTIMEDIN 10ML,ml,
THT1003,497655585823736,,Lọ,
PD51O01,8936221911134,Prolax (dog)_ống 5ml_Hộp 10 ống,Ống,
PD51O01,497655585823545,,Hộp,
TCN2011,8809844870167,TA bố sung cho chó - Immuno G (for Dog),Gói,
TCN2011,497655585823578,,Hộp,
TCN2015,8809844870044,TABS cho chó - Quad (for Dog),Gói,
TCN2015,497655585823579,,Hộp,
TCN2016,89938534079446,"TABS cho chó - 10KD (for Dog);1 gói/1 gam, 30 gói/hộp",Gói,
TCN2016,497655585823577,,Hộp,
TCN2018,8809844870037,TABS cho chó - T - Flora (for Dog),Gói,
TCN2018,497655585823580,,Hộp,
KVS1001,9557837004656,"Khay vệ sinh Mesh  chó bằng nhựa,Purmi - màu Hồng ( New)",Chiếc,
KVS1002,9557837004657,"Khay vệ sinh Mesh chó bằng nhựa, Purmi - màu xanh lá ( new)",Chiếc,
KVS1003,9557837004658,"Khay vệ sinh Mesh  chó bằng nhựa, Pumi- màu xám đậm",Chiếc,
KVS1004,9557837004720,"Khay vệ sinh , model: LS179, kích thước: 60*44*13cm",Chiếc,
KVS1005,9557837004721,"Khay vệ sinh  model: LS180, kích thước: 46.5*35.5*5.5cm,",Chiếc,
KVS1007,9557837004723,"Khay vệ sinh chó dạng lưới, kích thước 63*47*5.5cm",Chiếc,
KVS1010,89938534079476,Khay vệ sinh chó dẹp,Cái,
KVS1011,89938534079907,"Khay vệ sinh PVN 2621, bằng nhựa, không phụ kiện, kt 36x47x5.5cm",Cái,
CĐCXXX1001,497655585823119,Đồ chơi cho thú cưng (JJFD1737 L),Cái,
CĐCXXX1002,6976551700659,Đồ chơi hình cáo cao su DCF18804,Cái,
CĐCXXX1003,6976551700642,Đồ chơi khủng long cao su DCF18803,Cái,
DCP1013,89938534079871,Khúc xương nhựa,Cái,
DCP1014,6976551702462,Đồ chơi thú bông cho chó hình con thỏ Fofos - DCF18879,Cái,
DCP1015,6976551702479,Đồ chơi thú bông cho chó hình con gấu Fofos - DCF18880,Cái,
DCP1016,6976551702486,Đồ chơi thú bông cho chó hình con sư tử Fofos - DCF18881,Cái,
DCP1017,6976551702493,Đồ chơi thú bông cho chó hình con khỉ Fofos - DCF18882,Cái,
DCP1018,6971067408785,Đồ chơi thú bông cho chó hình Thỏ xám Fofos - D08785,Cái,
DCP1019,6971067408778,Đồ chơi thú bông cho chó hình Heo hồng Fofos - D08778,Cái,
DCP1020,6971067405708,Đồ chơi dây thắt 3 đầu cho chó Fofos - DCF18594,Cái,
DCP1022,6971067401113,Đồ chơi dây thắt 2 đầu cho chó Fofos - DCF18728,Cái,
DCP1023,6976551700635,Đồ chơi cao su cho chó hình con gấu trúc Fofos - DCF18802,Cái,
DCP1024,6976551700666,Đồ chơi cao su cho chó hình con khỉ Fofos - DCF18805,Cái,
DCP1025,6976551700673,Đồ chơi cao su cho chó hình con gấu Fofos - DCF18806,Cái,
DCP1026,6976551700680,Đồ chơi cao su cho chó hình con hà mã Fofos - DCF18807,Cái,
DCP1036,89938534079975,"Đồ chơi cho chó, hình trái banh, bằng nhựa (NT8209S)",Cái,
DCP1037,89938534079976,"Đồ chơi cho chó, hình trái banh, bằng nhựa (NT8210S)",Cái,
DCP1040,89938534079980,Đồ chơi cho thú cưng (JJFD2181),Cái,
DCP1042,89938534079982,Đồ chơi cho thú cưng (JJFD1739),Cái,
DCP1044,6930095873910,Đồ chơi cho thú cưng (JJFD4101),Cái,
DCP1045,6930095873897,Đồ chơi cho thú cưng (OPT63131),Cái,
DCP1046,89938534079986,Đồ chơi cho thú cưng (OPT63018),Cái,
DCP1049,89938534079977,"Đồ chơi  hình trái banh, bằng nhựa (NT8212S)",Cái,
DCP1056,4976555857764,Hộp đồ chơi cho chó - Dây cotton 2 màu #85776,Cái,
TCN1016,8936221912032,Emetica_10ml_Chai (dog),ml,
TCN1016,497655585824083,,Chai,
TCN2006,8935020310377,Bromhexine_5ml_Ống(chó),Ống,
TCN2009,8936221911042,DiarAid (Dog) - ống 3ml- hộp 3 ống,Ống,
TCN2009,497655585823382,,Hộp,
TCN2013,8936221913022,Calcium delight (dog)_5mlx20,Tuýp,
TCN2013,497655585823372,,Hộp,
TCN2035,026664003546,TA Daily Multi For Dogs 30V,Viên,
TCN2035,497655585823620,,Túi,
TCN2049,8936221910038,Kidney shield (Dog-viên)_30 viên_hộp,Viên,
TCN2049,497655585823440,,Hộp,
TCN2052,89938534079462,Kidney shield (Dog)_(6 viên/vĩ- hộp 2 vĩ),Viên,
TCN2052,497655585823439,,Hộp,
TCN2055,026664007841,TA Daily Multi For Dogs 150V,Viên,
TCN2055,497655585823619,,Lọ,
TCN2064,8859133901546,TA chăn nuôi bổ sung DR. PETZ DOGIMUNE,Viên,
TCN2064,497655585823590,,Hộp,
TCN2067,8859133901560,TA chăn nuôi bổ sung DR. PETZ SAME FOR SMALL DOG,Viên,
TCN2067,497655585823595,,Hộp,
TKS2005,8936221910014,Revital (3.6mg-dog)(5 viên/vĩ_hộp 2 vĩ),Viên,
TKS2005,497655585823555,,Hộp,
TKS2007,8936221910083,Revital (5.4 mg - dog)(5 viên/vĩ_hộp 2 v,Viên,
TKS2007,497655585823556,,Hộp,
TKS2009,89938534079522,THUỐC THÚ Y - APOQUEL 3.6MG ( 100'S),Viên,
TKS2009,497655585823733,,Hộp,
TKS2010,087219111482,THUỐC THÚ Y - APOQUEL 5.4MG,Viên,
TKS2010,497655585823734,,Hộp,
TKS2011,087219111505,THUỐC THÚ Y - APOQUEL 16MG ( 100'S),Viên,
TKS2011,497655585823732,,Hộp,
TKS2017,8936221910342,REVITAL (16mg-DOG)_(5 viên/vĩ- hộp 2 vĩ),Viên,
TKS2017,497655585823554,,Hộp,
CĐTTGV1001,4028691570233-,NEXGARD SPECTRA 1G- Hộp 03 viên (S >3.5-7.5kg),Viên,
CĐTTGV1001,4976555858235310,,Hộp,
HĐTTKS2033,8993853407952,Bravecto 1000mg,Viên,
TGV2001,7502010422375,ENDOGARD 10,Viên,
TGV2001,497655585823388,,Vỉ,
TGV2002,8936221910090,NOMECTO 45 MG_Viên nhai mềm (HỘP 1 VIÊN),Hộp,
TGV2003,8936221910106,NOMECTO 100 MG_Viên nhai mềm (HỘP 1 VIÊN,Hộp,
TGV2004,8936221910113,NOMECTO 200 MG_Viên nhai mềm (HỘP 1 VIÊN,Hộp,
TGV2017,89938534079438,MILPRO 2.5MG/25MG,Viên,
TGV2017,497655585823464,,Hộp,
TGV2018,9556106500257,MILPRO 12.5MG/125MG,Viên,
TGV2018,497655585823462,,Hộp,
TGV2020,3661103048572,NEXGARD SPECTRA 0.5G- Hộp 03 viên (XS 2-3.5kg),Viên,
TGV2020,497655585823530,,Hộp,
TGV2021,4028691570233,NEXGARD SPECTRA 1G- Hộp 03 viên (S >3.5-7.5kg),Viên,
TGV2021,497655585823531,,Hộp,
TGV2022,4028691570202,NEXGARD SPECTRA 2G- Hộp 03 viên (M >7.5-15kg),Viên,
TGV2022,497655585823532,,Hộp,
TGV2023,4028691570172,NEXGARD SPECTRA 4G- Hộp 03 viên (L >15-30kg),Viên,
TGV2023,497655585823533,,Hộp,
TGV2024,3661103042877,NEXGARD DOG M 6 28MG,Viên,
TGV2024,497655585823527,,Hộp,
TGV2026,4028691569848,NEXGARD SPECTRA 8G-Hộp 03 viên (XL >30-60kg),Viên,
TGV2026,497655585823534,,Hộp,
TGV2027,3661103042853,NEXGARD DOG S 6 11MG  2-4kg,Viên,
TGV2027,497655585823528,,Hộp,
TGV2028,4028691568919,NEXGARD DOG L 6 68MG (10-25kg),Viên,
TGV2028,497655585823526,,Hộp,
TGV2029,3661103042914,NEXGARD DOG XL 6 136MG 25-50kg,Viên,
TGV2029,497655585823529,,Hộp,
TGV2030,9557837004647,Bravecto 112.5mg,Viên,
TGV2031,9557837004648,Bravecto 250mg,Viên,
TGV2032,89938534079529,Bravecto 500mg,Viên,
TGV2033,89938534079528,Bravecto 1000mg,Viên,
TGV2034,497655585822851,Bravecto 1400mg (40-56kg),Viên,
TGV2039,8936221910335,"Iverguard chó 11,6–22,5kg (6 viên/vĩ/hộp)",Viên,
TGV2039,497655585823417,,Hộp,
TGV2040,8936221910328,"Iverguard chó 5,6–11,5kg_(6 viên/vĩ/hộp)",Viên,
TGV2040,497655585823419,,Hộp,
TGV2041,8936221910311,"Iverguard chó 2,5–5,5kg (6 viên/vĩ/hộp)",Viên,
TGV2041,497655585823418,,Hộp,
TGV2043,89938534079464,EL300002 - DRONTAL TASTY 4x6,Viên,
TGV2043,497655585823386,,Hộp,
TGV3006,9556106500205,FRONTLINE PLUS DOG 0.67ml(Hộp),Tuýp,
TGV3006,497655585823393,,Hộp,
TGV3007,9556106500206,FRONTLINE PLUS DOG 1.34ml(Hộp),Tuýp,
TGV3007,497655585823394,,Hộp,
TGV3008,9557837004714,FRONTLINE PLUS DOG 2.68ml(Hộp),Tuýp,
TGV3008,497655585823395,,Hộp,
IT13V01,8936221910144,Itra tab 100mg (30 viên/chai),Viên,
IT13V01,497655585823414,,Hộp,
IT23V01,8936221910137,Itra tab 25mg_Dog (30 viên/chai),Viên,
IT23V01,497655585823416,,Chai,
IT23V02,8936221910120,Itra tab 25mg_Cat (30 viên/chai),Viên,
IT23V02,497655585823415,,Chai,
TKS2013,497655585823040,INFLACAM 2.5MG,Viên,
TKS2013,497655585823412,,Hộp,
CHCTKM1001,4976555169850,TA hạt Healthy Choice chó con 1.5kg,Gói,
CHCTKM1002,4976555169898,TA hạt Healthy Choice  chó  giống vừa & lớn 1.5kg,Gói,
CHCTKM1003,497655585823318,Pure nature chó Duck and Potatoes 200g (KM),Gói,
CHCTKM1004,497655585823319,Pure nature chó Salmon and Potatoes 200g (KM),Gói,
CHCTKM1005,497655585823320,Pure nature chó Lamb and Sweet Potatoes 200g (KM),Gói,
CHCTKM1006,4976555169874,TA hạt Healthy Choice chó giống nhỏ 1.5kg,Gói,
HPKRLO1017,497655585824185,Khớp mõm nhựa 1 (HK),Cái,
HPKRLO1018,497655585824186,Khớp mõm nhựa 2 (HK),Cái,
HPKRLO1019,497655585824187,Khớp mõm nhựa 3 (HK),Cái,
HPKRLO1020,497655585824188,Khớp mõm nhựa 4 (HK),Cái,
HPKRLO1021,497655585824189,Khớp mõm nhựa 5 (HK),Cái,
PKP1028,89938534079602,Khớp si X khóa gài nhỏ,Cái,
PKP1029,89938534079603,Khớp si X khóa gài trung,Cái,
PKP1030,89938534079604,Khớp si X khóa gài lớn,Cái,
PKP1033,89938534079640,Khớp mõm nhựa 1,Cái,
PKP1034,89938534079641,Khớp mõm nhựa 2,Cái,
PKP1035,89938534079642,Khớp mõm nhựa 3,Cái,
PKP1036,89938534079643,Khớp mõm nhựa 4,Cái,
PKP1037,89938534079644,Khớp mõm nhựa 5,Cái,
PKP1058,89938534079713,"Rọ mõm hình con vịt, SP1297, làm từ nhựa size L,",Chiếc,
PKP1059,89938534079714,"Rọ mõm hình con vịt, SP1296, làm từ nhựa size M",Chiếc,
PKP1104,497655585822903,Khớp inox Bull,Cái,
PKP1105,497655585822907,Khớp inox Becger,Cái,
PKP1111,497655585822949,Khớp inox Roculer,Cái,
PKP1112,497655585822951,Khớp da trung,Cái,
PKP1116,497655585822980,Khớp da nhỏ,Cái,
PKP1117,497655585822981,Khớp da lớn,Cái,
CPKTBI1001,497655585824069,Bỉm quần chó đực Kamt size XL,Cái,
CPKTBI1001,8936204290997,,Túi,
TQP1001,671875796765,Miếng lót Male Wrap 12_435x190 mm,Miếng,
TQP1001,497655585823450,,Bịch,
TQP1002,671875796796,Miếng lót Male Wrap 11_500x205 mm,Miếng,
TQP1002,497655585823449,,Bịch,
TQP1003,671875796802,Miếng lót Male Wrap 9_610x205 mm,Miếng,
TQP1003,497655585823453,,Bịch,
TQP1004,671875796826,Miếng lót Male Wrap 7_850x205 mm,Miếng,
TQP1004,497655585823451,,Bịch,
TQP1005,671875796819,Miếng lót Male Wrap 8_815x205 mm,Miếng,
TQP1005,497655585823452,,Bịch,
TQP1006,8938534079327,"Bỉm cho chó đực, hiệu Pet Limitless, size M, kích thước 65*20cm, 12 cái/bịch, chất liệu vật liệu tổng hợp, 1 BỊCH=1TÚI. hàng mới 100%",Cái,
TQP1006,497655585823352,,Bịch,
TQP1007,8938534079310,"Bỉm cho chó đực, hiệu Pet Limitless, size S, kích thước 55*20cm, 12 cái/bịch, chất liệu vật liệu tổng hợp,1 BỊCH=1TÚI. hàng mới 100%",Cái,
TQP1007,497655585823353,,Bịch,
TQP1008,8938534079426,"Bỉm cho chó đực, hiệu Pet Limitless, size XS, kích thước 42*17.5cm, 12 cái/bịch, chất liệu vật liệu tổng hợp,1 BỊCH=1TÚI. hàng mới 100%",Cái,
TQP1008,497655585823354,,Bịch,
TQP1009,89938534079402,"Bỉm cho chó cái, hiệu Pet Limitless, size M, kích thước 42.5*30cm, 12 cái/bịch, chất liệu vật liệu tổng hợp, hàng mới 100%",Cái,
TQP1009,497655585823348,,Bịch,
TQP1010,8938534079273,"Bỉm cho chó cái, hiệu Pet Limitless, size S, kích thước 37*27.5cm, 12 cái/bịch, chất liệu vật liệu tổng hợp,1 BỊCH=1TÚI. hàng mới 100%",Cái,
TQP1010,497655585823349,,Bịch,
TQP1011,8938534079303,"Bỉm cho chó cái, hiệu Pet Limitless, size XS, kích thước 34*26cm, 12 cái/bịch, chất liệu vật liệu tổng hợp, 1 BỊCH=1TÚI. hàng mới 100%",Cái,
TQP1011,497655585823350,,Bịch,
TQP1012,8938534079419,"Bỉm cho chó cái, hiệu Pet Limitless, size XXS, kích thước 30*26cm, 12 cái/bịch, chất liệu vật liệu tổng hợp,1 BỊCH=1TÚI. hàng mới 100%",Cái,
TQP1012,497655585823351,,Bịch,
TQP1013,89938534079434,Tả quần chó cái SP1211 size L 32x50cm,Miếng,
TQP1013,497655585823356,,Túi,
TQP1014,89938534079898,"Tả quần chó đực PVN13 size L, kích thước 22x63.5",Cái,
TQP1014,497655585823359,,Túi,
TQP1015,89938534079899,"Tả quần chó đực PVN12,size M, kt 20x53.5cm",Cái,
TQP1015,497655585823358,,Túi,
TQP1016,89938534079900,"Tả quần chó đực PVN11, size S, kt 17.5x42.5cm",Cái,
TQP1016,497655585823357,,Túi,
TQP1017,89938534079901,"Tả quần chó cái SP1210, size M 30x42.5cm",Cái,
TQP1017,497655585823355,,Túi,
TQP1018,8936204290980,"Bỉm quần dùng một lần cho thú cưng đực, size L, nhãn hiệu Kamt, đóng 40pcs/thùng, 1pcs=1 gói, mới 100%",Cái,
TQP1018,497655585823365,,Túi,
TQP1019,8936204291031,"Bỉm quần dùng một lần cho thú cưng cái, size L, nhãn hiệu Kamt, đóng 40pcs/thùng, 1pcs=1 gói, mới 100%",Cái,
TQP1019,497655585823360,,Túi,
TQP1020,8936204291017,"Bỉm quần dùng một lần cho thú cưng cái, size S, nhãn hiệu Kamt, đóng 40pcs/thùng, 1pcs=1 gói, mới 100%",Cái,
TQP1020,497655585823362,,Túi,
TQP1021,8936204291000,"Bỉm quần dùng một lần cho thú cưng cái, size XS, nhãn hiệu Kamt, đóng 40pcs/thùng, 1pcs=1 gói, mới 100%",Cái,
TQP1021,497655585823363,,Túi,
TQP1022,8936204290973,"Bỉm quần dùng một lần cho thú cưng đực, size M, nhãn hiệu Kamt, đóng 40pcs/thùng, 1pcs=1 gói, mới 100%",Cái,
TQP1022,497655585823366,,Túi,
TQP1023,8936204291024,"Bỉm quần dùng một lần cho thú cưng cái, size M, nhãn hiệu Kamt, đóng 40pcs/thùng, 1pcs=1 gói, mới 100%",Cái,
TQP1023,497655585823361,,Túi,
TQP1024,8936204290966,"Bỉm quần dùng một lần cho thú cưng đực, size S, nhãn hiệu Kamt, đóng 40pcs/thùng, 1pcs=1 gói, mới 100%",Cái,
TQP1024,497655585823367,,Túi,
TQP1025,497655585822998,"Bỉm quần dùng một lần cho thú cưng cái, size XXS, nhãn hiệu Kamt, đóng 40pcs/thùng, 1pcs=1 gói, mới 100%",Cái,
TQP1025,497655585823364,,Túi,
PKP1023,89938534079488,Nón tai bèo size S,Cái,
PKP1026,89938534079486,Nón tai bèo size L,Cái,
PKP1027,89938534079487,Nón tai bèo size M,Cái,
PKP1072,89938534079929,Nón lưỡi trai - Size L,Cái,
PKP1073,89938534079930,Nón lưỡi trai - Size M,Cái,
PKP1074,89938534079931,Nón lưỡi trai - Size S,Cái,
PKP1086,497655585822746,Nón kaki L,Cái,
PKP1094,497655585822872,Mũ bảo vệ dành cho thú cưng nhỏ,Chiếc,
PKP1095,497655585822873,Nón kaki S,Cái,
PKP1096,497655585822874,Nón kaki M,Cái,
PKP1101,497655585822887,Nón kết kaki S,Cái,
PKP1102,497655585822888,Nón kết kaki M,Cái,
PKP1103,497655585822889,Nón kết kaki L,Cái,
CQTANA0000,497655585823257,Que test Anaplasma,Cái,
CQTBAB0000,497655585823258,Que test Babesia,Cái,
CQTCCV0000,497655585823261,Que test CCV,Cái,
CQTCDV0000,497655585823264,Que test CDV,Cái,
CQTCPV0000,497655585823260,Que test CPV,Cái,
CQTECA0000,497655585823259,Que test E.canis,Cái,
CQTIGE0000,497655585823277,"Chất thử thí nghiệm CaAllergen IgE, code VIB-CAIGE dùng trong phòng thí nghiệm",Mẫu,
CQTMCP0000,497655585823269,105-00254A-00 Test Canine Pancreatic Lipase (cPL) dùng cho máy phân tích miễn dịch thú y (Mindray),Cái,
CQTMCR0000,497655585823270,105-00252A-00 Test Canine C-Reactive Protein (cCRP) dùng cho máy phân tích miễn dịch thú y (Mindray),Cái,
CQTMCT0000,497655585823273,105-00264A-00 Test Canine Thyroid-Stimulating Hormone (cTSH) dùng cho máy phân tích miễn dịch thú y (Mindray),Cái,
CQTMSD0000,497655585823276,105-00273A-00 Test Canine Symmetric Dimethylarginine (cSDMA) dùng cho máy phân tích miễn dịch thú y (Mindray),Cái,
CQTMT40000,497655585823272,105-00263A-00 Test Canine Thyroxine (CT4) dùng cho máy phân tích miễn dịch thú y (Mindray),Cái,
CQTVCC0000,497655585823255,Vcheck cCortisol,Cái,
CQTVCP0000,497655585823256,Vcheck cPL 2.0,Cái,
CQTVCT0000,497655585823253,Vcheck cTSH,Cái,
CTHPHU1001,8852070025443,Goodies hình xương tổng hợp,Gói,
CTPPHU1012,6978844090805,Xúc xích Adelwoof vị thịt gà,Túi,
CTPPHU1013,6978844090782,Xúc xích Adelwoof vị thịt bò,Túi,
CTPPHU1014,6978844090775,Xúc xích Adelwoof vị thịt cá,Túi,
CTPPHU1015,6978844090799,Xúc xích Adelwoof vị thịt vịt,Túi,
CTPPHU1018,8853301011266-1,SMK-T/a vat Cho - QUE bo xong khoi 70g,Túi,
CTPPHU1018,4976555858233340,,Hộp,
CTPPHU1018,4976555858233350,,Thùng,
CTKMTK1001,497655585824051,ST YÚ hương Vải Thiều 50ml,Chai,
CTKMTK1002,497655585824052,ST YÚ hương Hoa Lan 50ml,Chai,
CTKMTK1003,497655585824291,Thùng bán nguyệt chó 2kg (HTK),Cái,
CTKMTK1004,497655585824292,Thùng bán nguyệt mèo 2kg (HTK),Cái,
CTPCHI1001,6973033842975,TA cho chó S2PET T1 (1kg),Túi,
CTPCHI1002,6976632560394,"Hat cho chó MR.VET D1 (1,4KG/BAG)",Gói,
CTPCHI1003,8809167911462,TA HƯƠNG GÀ CHO CHÓ DR. HEALMEDIX HYPOALLERGENIC PURE PROTEIN PLUS 1500GR,Túi,
CTPCHI1004,8809167911189,TA CHO CHÓ DR.HEALMEDIX RENAL 1500GR,Túi,
CTPCHI1024,9310022530708-,Thuc An Cho con-Vi Ga & trung&sua 1.3kg,Túi,
CTPCHI1024,4976555858236060,,Thùng,
CTPCHI1025,8938519869240-,Hạt rau chó,Gói,
CTPCHI1025,4976555858236681,,Hộp,
CTPCHI1026,6914973309708-,T.An Cho - vi bo&rau cu tui 500g_N,Túi,
CTPCHI1026,4976555858235630,,Thùng,
CTPCHI2001,8853301530309-,Sot cho lon-Vi gan nuong & rau 130g_N,Túi,
CTPCHI2001,4976555858235610,,Hộp,
CTPCHI2002,8853301530019-,Thuc An Cho-Vi Bo nau sot 130g,Túi,
CTPCHI2002,4976555858236130,,Hộp,
CTPPHU1017,8850477814400-0,Smartheart Beef & Liver - 400 gm.,Hộp,
CTPPHU1019,8850477834408-,Smartheart Chicken & Liver - 400 gm,Hộp,
CTPPHU1022,8850477015913-0,SmartHeart Chicken Formula- 400g ( 24 x 1 / Carton ),Lon,
CTPPHU1023,8850477015944-0,SmartHeart Chicken Stew With Vegetables- 400g ( 24 x 1 / Carton ),Lon,
CTPPHU1024,8850477006300-0,SmartHeart Chicken With Smoked Sausage- 400g ( 24 x 1 / Carton ),Lon,
CTPPHU1025,8850477004672-0,SmartHeart Beef Stew With Vegetables- 400g ( 24 x 1 / Carton ),Lon,
CTPPHU1026,8850477816459-0,SmartHeart Beef Flavor Chunk In Gravy - 130 gm,Gói,
CTPPHU1027,8850477833456-,Bản sao của Smartheart Chicken Flavor Chunk In Gravy 130 gm.,Gói,
TAC1001,3182550402460,TA hạt cho chó - Maxi Puppy 1kg,Bao,
TAC1002,3182551055764,TA hạt cho chó - Pro Mini Adult 15kg,Bao,
TAC1003,3182550778305,TA hạt cho chó - Maxi Puppy 10kg,Bao,
TAC1004,3182550782388,TA hạt cho chó - Pro Mini Puppy 15kg,Bao,
TAC1005,3182550793001,TA hạt cho chó - Mini Puppy 2kg,Bao,
TAC1006,3182550793049,TA hạt cho chó - Mini Puppy 8kg,Bao,
TAC1007,3182550716888,TA hạt cho chó - Mini Adult 8kg,Bao,
TAC1008,3182550778077,TA hạt cho chó - Medium Puppy 10kg,Bao,
TAC1009,3182550774536,TA hạt cho chó - Medium Adult 10kg,Bao,
TAC1010,3182550402408,TA hạt cho chó - Maxi Adult 1kg,Bao,
TAC1011,3182550774581,TA hạt cho chó - Maxi Adult 10kg,Bao,
TAC1012,3182550803359,TA hạt cho chó - Pro Maxi Puppy 16kg,Bao,
TAC1013,3182550718813,TA hạt cho chó - Chihuahua Adult 500gr,Bao,
TAC1014,3182550722537,TA hạt cho chó - Chihuahua Junior 500gr,Bao,
TAC1015,3182550716826,TA hạt cho chó - Poodle Adult 500gr,Bao,
TAC1016,3182550743174,"TA hạt cho chó - Poodle Adult 1,5kg",Bao,
TAC1017,3182550765190,TA hạt cho chó - Poodle Puppy 500gr,Bao,
TAC1018,3182550765213,"TA hạt cho chó - Poodle Puppy 1,5kg",Bao,
TAC1019,3182550798945,"TA hạt cho chó - Diabetic Canin 1,5kg",Bao,
TAC1020,3182550731355,TA hạt cho chó - Satiety Weight Management Canin 1.5kg,Bao,
TAC1021,3182550771054,TA hạt cho chó - Gastrointestinal Canine 2kg,Bao,
TAC1022,3182550792929,TA hạt cho chó - Mini Puppy 800gr,Bao,
TAC1023,3182550402439,TA hạt cho chó - Medium Puppy 1kg,Bao,
TAC1024,3182550793124,TA hạt cho chó - Mini Adult 800gr,Bao,
TAC1025,3182550402170,TA hạt cho chó - Mini Adult 2kg,Bao,
TAC1026,3182550708180,TA hạt cho chó - Medium Puppy 4kg,Bao,
TAC1027,3182550708197,TA hạt cho chó - Medium Adult 4kg,Bao,
TAC1028,3182550402224,TA hạt cho chó - Maxi Adult 4kg,Bao,
TAC1029,3182550722544,"TA hạt cho chó - Chihuahua Junior 1,5kg",Bao,
TAC1030,3182550728102,"TA hạt cho chó - Chihuahua Adult 1,5kg",Bao,
TAC1031,3182550402446,TA hạt cho chó - Medium Adult 1kg,Bao,
TAC1032,3182550402149,TA hạt cho chó - Maxi Puppy 4kg,Bao,
TAC1033,3182550940849,TA hạt cho chó - Hypoallergenic Canine 2kg,Bao,
TAC1034,3182550710992,TA hạt cho chó - Renal Canine 2kg,Bao,
TAC1035,3182550711036,TA hạt cho chó - Urinary Canine 2kg,Bao,
TAC1036,3182550771719,"TA hạt cho chó - Hepatic Canine 1,5kg",Bao,
TAC1037,3182551055870,TA hạt cho chó - PRO Medium Adult 19kg,Bao,
TAC1038,8938509770068,Ganador Adult Lamb&Rice-Thùng 9kg(6x1.5kg)-TA chó,Gói,
TAC1038,497655585823399,,Thùng,
TAC1039,8938509770464,Ganador Adult Lamb&Rice-Thùng 12kg(4x3kg)-TA chó,Gói,
TAC1039,497655585823398,,Thùng,
TAC1040,8938509770457,Ganador Adult Lamb&Rice-Bao 20kg(50x400g)-TA chó,Gói,
TAC1040,497655585823397,,Bao,
TAC1041,8938509770204,Ganador Adult Salmon&Rice-Bao 20kg(50x400g)-TA chó,Gói,
TAC1041,497655585823404,,Bao,
TAC1042,8938509770488,Ganador Puppy Milk with DHA-Bao 20kg(50x400g)-TA chó,Gói,
TAC1042,497655585823405,,Bao,
TAC1043,8938509770495,Ganador Puppy Milk with DHA-Thùng 12kg(4x3kg)-TA chó,Gói,
TAC1043,497655585823406,,Thùng,
TAC1044,8938509770518,Fibs Adult-Bao 20kg(50x400g)-TA chó,Gói,
TAC1044,497655585823391,,Bao,
TAC1045,8938509770327,Ganador Adult Roasted Chicken Flavor-Bao 20kg(50x400g)-TA chó,Gói,
TAC1045,497655585823402,,Bao,
TAC1046,8938509770334,Ganador Adult Roasted Chicken Flavor-Thùng 12kg(4x3kg)-TA chó,Gói,
TAC1046,497655585823403,,Thùng,
TAC1047,8938509770755,"Ganador Adult Roasted Beef Flavor-TL-Thùng 9kg(6x1,5kg)-TA chó",Gói,
TAC1047,497655585823401,,Thùng,
TAC1049,8809293595390,TA hỗn hợp hoàn chỉnh cho chó - ANF 6Free+Indoor Dog Salmon & White Fish 1.6kg,Túi,
TAC1050,8809293595437,TA hỗn hợp hoàn chỉnh cho chó - ANF 6Free+Indoor Dog Duck & Salmon 1.6kg,Túi,
TAC1051,8809293595376,TA hỗn hợp hoàn chỉnh cho chó - ANF 6Free+Indoor Dog Lamb & Rice 1.6kg,Túi,
TAC1052,8850477000612,Smartheart Gold Puppy - 1 kg.,Gói,
TAC1053,8850477880818,Smartheart Gold Lamb & Rice-Adult -1kgx12gói,Gói,
TAC1054,8850477882812,Smartheart Gold Lamb & Rice-Toy & Small Breeds-1kg x 12gói,Gói,
TAC1055,8850477002630,Smartheart Power Pack-Adult Medium To Large Breed Dog-3kg x 4gói,Gói,
TAC1056,8850477002678,Smartheart Power Pack-Puppy-3kg x 4gói,Gói,
TAC1057,8850477811027,SmartHeart Puppy Beef & Milk Flavor - 1.3 kg ( 6 x 1 / Carton ),Gói,
TAC1058,8850477812024,SmartHeart Small Breeds Roast Beef Flavor - 1.3 kg ( 6 x 1 / Carton ),Gói,
TAC1059,8850477810051,SmartHeart Adult Roast Beef Flavor - 1.5 kg ( 6 x 1 / Carton ),Gói,
TAC1060,8850477001237,Smartheart Adult Dog Lamb and Rice Flavor-1.5kgx6gói,Gói,
TAC1061,8850477811355,SmartHeart Puppy Beef & Milk Flavor - 2.7 kg ( 4 x 1 / Carton ),Gói,
TAC1062,8850477810037,SmartHeart Adult Roast Beef Flavor - 3 kg ( 4 x 1 / Carton ),Gói,
TAC1063,8850477001251,SmartHeart Adult Dog Lamb And Rice Flavor - 3 kg ( 4 x 1 / Carton ),Gói,
TAC1064,8850477034327,SmartHeart Puppy Beef & Milk Flavor - 8 kg (400 g X 20),Gói,
TAC1064,497655585823558,,Bao,
TAC1065,8850477034334,SmartHeart Small Breeds Roast Beef Flavor - 8 kg (400 g X 20),Gói,
TAC1065,497655585823559,,Bao,
TAC1066,8850477034310,SmartHeart Adult Roast Beef Flavor - 20 kg (400 g X 50),Gói,
TAC1066,497655585823557,,Bao,
TAC1067,aprocho,A Pro I.Q. Formula - 20 kg (500 g X 40),Gói,
TAC1067,497655585823344,,Bao,
TAC1068,classic400,Classic Pets Adult Dog Beef Flavour - 20 kg (400 g X 50),Gói,
TAC1068,497655585823376,,Bao,
TAC1069,classicpp,Classic Pets Puppy Milk Flavour - 10 kg (400 g X 25),Gói,
TAC1069,497655585823377,,Bao,
TAC1070,8850477016989,Luvcare Puppy Small Breed - 500 g (500g x18gói),Gói,
TAC1071,8850477017443,Luvcare Puppy Medium Breed - 500 g (500g x18gói),Gói,
TAC1072,8850477015678,Luvcare Adult Small Breed - 500 g (500g x18gói),Gói,
TAC1073,8850477016996,Luvcare Puppy Small Breed - 2 kg (2kg x6gói),Gói,
TAC1074,8850477015685,Luvcare Adult Small Breed - 2 kg (2kg x6gói),Gói,
TAC1075,8850477017405,Luvcare Adult Medium Breed Dog - 500 g (500g x18gói),Gói,
TAC1076,9334214022925,Thuc An Cho-Vi Bo&rau cu tui 1.5kg_ N,Túi,
TAC1076,497655585823614,,Thùng,
TAC1077,9310022530708,Thuc An Cho con-Vi Ga & trung&sua 1.3kg,Túi,
TAC1077,497655585823606,,Thùng,
TAC1078,6914973309708,T.An Cho - vi bo&rau cu tui 500g_N,Túi,
TAC1078,497655585823563,,Thùng,
TAC1079,6914973309807,Thuc An Cho con-Vi Ga & trung&sua 400g,Túi,
TAC1079,497655585823607,,Thùng,
TAC1080,9334214022956,Thuc An Cho-Vi Ga&rau cu tui 1.5kg_ N,Túi,
TAC1080,497655585823617,,Thùng,
TAC1082,3182550940153,TA hạt cho chó - Hypoallergenic Small Dog 1kg,Bao,
TAC1084,8850477803039,SmartHeart Adult Dog Chicken And Liver Flavor- 3kg ( 4 x 1 / Carton ),Gói,
TAC1086,8938519869240,Hạt rau chó,Gói,
TAC1086,497655585823407,,Hộp,
TAC1087,8850477832350,SmartHeart Adult Dog Toy Breed Chicken And Liver Flavor 2.7kg ( 4 x 1 / Carton ),Gói,
TAC1088,8850477832022,SmartHeart Adult Dog Toy Breed Chicken And Liver Flavor 1.3kg ( 6 x 1 / Carton ),Gói,
TAC1091,8809421700559,TA hỗn hợp - Optipet eye care,Gói,
TAC1092,8809421700542,TA hỗn hợp - Optipet Joint care,Gói,
TAC1093,8809421700566,TA hỗn hợp - Optipet skin care,Gói,
TAC1094,8809421700641,TA hỗn hợp - Optipet Omega & Vitamin,Gói,
TAC1096,8809421701105,"TA hỗn hợp - Optipet chewable C, 120gr/hộp",Viên,
TAC1096,497655585823642,,Hộp,
TAC1097,8809421701099,"TA hỗn hợp - Optipet chewable U, 120gr/hộp",Viên,
TAC1097,497655585823643,,Hộp,
TAC1100,8809167911448,TA HỖN HỢP HOÀN CHỈNH HƯƠNG GÀ CHO CHÓ DR. HEALMEDIX ULTRA HYPOALLERGENIC K-1000 PLUS 1500GR,Túi,
TAC1101,8809243593100,TA cho chó-Natural Core ECO1 Lamb 1kg SB,Gói,
TAC1102,8809243593148,TA cho chó-Natural Core ECO2 Duck 1kg SB,Gói,
TAC1103,8809243593926,TA cho chó-Natural Core ECO10 Vegetarian dog 1kg,Gói,
TAC1104,8809243593285,TA cho chó-Natural Core ECO6 Sensitive salmon 1kg,Gói,
TAC1105,8936160990641,"TAHH cho chó Grandmagic, túi 1kg (12 túi / bao 12kg)",Gói,
TAC1105,497655585823572,,Bao,
TAC1106,8850477803053,SmartHeart Adult Dog Chicken And Liver Flavor- 1.5kg ( 6 x 1 / Carton ),Gói,
TAC1108,8809243593223,TA cho chó-Natural Core ECO5a Puppy 1kg,Gói,
TAC1110,8850477025059,Smartheart Gold Indoor Small Breed Adult - 1kg ( 12 x 1 / Carton ),Gói,
TAC1111,8809167911196,"TA HỖN HỢP HOÀN CHỈNH CHỨA GẠO LỨT, BỘT THỊT GÀ THỦY PHÂN, DẦU GÀ TINH LUYỆN, BỘT TRỨNG, BỘT GÀ, DẦU CÁ TRÍCH CHO CHÓ DR.HEALMEDIX CARDIAC 1500GR",Túi,
TAC1112,8809167911424,TA HỖN HỢP HOÀN CHỈNH HƯƠNG GÀ CHO CHÓ PREMIUM DR. HEAL SKIN CARE 1600GR,Túi,
TAC1113,8936206530305,KEOS+ TAHH cho chó trưởng thành với công thức hỗ trợ tiêu hóa - Box 9 kg (6x1.5kg),Gói,
TAC1113,497655585823430,,Thùng,
TAC1114,8936206530374,KEOS+ TAHH dành cho các giống chó nhỏ (trưởng thành) thịt cừu và gạo-Box 9 kg (6x1.5kg),Gói,
TAC1114,497655585823435,,Thùng,
TAC1115,8936206530442,KEOS+ TAHH cho chó trưởng thành dành cho các giống chó có nhu cầu năng lượng cao-Box 9 kg(6x1.5kg),Gói,
TAC1115,497655585823429,,Thùng,
TAC1116,8936206531364,KEOS TAHH cho chó trưởng thành vị cá biển & rau củ - Box 9 kg (6x1.5kg),Gói,
TAC1116,497655585823422,,Thùng,
TAC1117,8936206530091,KEOS TAHH cho chó trưởng thành vị bò & rau củ-Box 9 kg (6x1.5kg),Gói,
TAC1117,497655585823421,,Thùng,
TAC1118,8936206530169,KEOS TAHH cho chó trưởng thành vị gà & rau củ-Box 9 kg (6x1.5kg),Gói,
TAC1118,497655585823423,,Thùng,
TAC1119,8936206530022,"KEOS TAHH cho chó con vị sữa, gà & trứng-Box 9 kg (6x1.5kg)",Gói,
TAC1119,497655585823420,,Thùng,
TAC1120,8809658250537,Today`s dinner - TA hạt cho chó mọi lứa tuổi 1kg,Túi,
TAC1121,8809844870204,"TABS cho chó - Aller-zero (for Dog), 1 gói/1.2kg",Gói,
TAC1122,8809172312933,"Pure Nature Duck And Potatoes (1.2Kg/Túi) - TA Hỗn Hợp Hoàn Chỉnh Cho Chó, 200Gx6Gói",Túi,
TAC1123,8809172311011,"Pure Nature Duck And Potatoes (5Kg/Túi) - TA Hỗn Hợp Hoàn Chỉnh Cho Chó, 500Gx10Gói",Gói,
TAC1123,497655585823549,,Túi,
TAC1124,8809172312940,"Pure Nature Salmon And Potatoes (1.2Kg/Túi) - TA Hỗn Hợp Hoàn Chỉnh Cho Chó, 200Gx6Gói",Túi,
TAC1125,8809172311028,"Pure Nature Salmon And Potatoes (5Kg/Túi)- TA Hỗn Hợp Hoàn Chỉnh Cho Chó, 500Gx10Gói",Gói,
TAC1125,497655585823551,,Túi,
TAC1126,8809172312957,"Pure Nature Lamd And Sweet Potatoes (1.2Kg/Túi) - TA Hỗn Hợp Hoàn Chỉnh Cho Chó, 200Gx6Gói",Túi,
TAC1127,8809172311035,"Pure Nature Lamd And Sweet Potatoes (5Kg/Túi) - TA Hỗn Hợp Hoàn Chỉnh Cho Chó, 500Gx10Gói",Gói,
TAC1127,497655585823550,,Túi,
TAC1128,8809167911325,"TA HỖN HỢP HOÀN CHỈNH CHỨA THỊT GÀ THỦY PHÂN, TRỨNG CỦ CẢI ĐƯỜNG CHO CHÓ DR. HEALMEDIX INTESTINAL LOW FAT 1500GR",Túi,
TAC1129,8850477812352,SmartHeart Small Breeds Roast Beef Flavor -2.7kg (4 x1/Carton),Gói,
TAC1130,3182550793728,"TA hạt cho chó - Xsmall Adult 1,5kg",Bao,
TAC1131,89938534079865,TA hạt cho chó - Xsmall Puppy 500g,Bao,
TAC1132,89938534079883,Ganador Adult Roasted Beef Flavor-Thùng12kg(4x3kg)-TA chó,Gói,
TAC1132,497655585823400,,Thùng,
TAC1133,89938534079884,SmartHeart Gold Canine Veterinary Diet Gastro Intestinal - 1.5kg ( 6 x 1/Carton ),Gói,
TAC1134,4520699621585,TA khô GranDeli vị bò 700g chó TT,Gói,
TAC1135,8850477013339,Smartheart Power Pack Adult Small Breed - 1kg x 12gói,Gói,
TAC1136,8809882772874,TA cho chó -Zenith Puppy Chicken - 1.2kg,Gói,
TAC1137,8809882772881,TA cho chó -Zenith Adult Chicken - 1.2kg,Gói,
TAC1138,8809882772942,TA cho chó -Zenith Puppy Chicken - 3kg,Gói,
TAC1139,8809882772959,TA cho chó -Zenith Adult Chicken - 3kg,Gói,
TAC1140,8809167911318,TA HỖN HỢP HOÀN CHỈNH CHO CHÓ DR.HEALMEDIX MOBILITY 1500GR,Túi,
TAC1143,8809421700573,"TA hỗn hợp - Optipet daily care, 300gr/gói",Gói,
TAC1144,8809293595406,"TA hỗn hợp hoàn chỉnh cho chó - ANF 6Free+Indoor Dog Salmon & White Fish 5,6kg",Túi,
TAC1145,8809293595383,"TA hỗn hợp hoàn chỉnh cho chó - ANF 6Free+Indoor Dog Lamb & Rice 5,6kg",Túi,
TAC1146,497655585822982,"TA hỗn hợp hoàn chỉnh cho chó - ANF 6Free+Indoor Dog Duck & Salmon 5,6kg",Túi,
TAC1335,4520699622995,TAkhôGranDeli vị phô mai 700g chóTT,Gói,
TAC2001,9003579000748,TA dạng sệt cho chó - Renal Canine 410g,Lon,
TAC2002,9003579008218,TA dạng sệt cho chó - Mini Puppy 12x85g,Gói,
TAC2002,497655585823622,,Hộp,
TAC2003,9003579008256,TA dạng sệt cho chó - Mini Adult 12x85g,Gói,
TAC2003,497655585823621,,Hộp,
TAC2004,9003579001653,TA dạng sệt cho chó - Poodle 12x85g,Gói,
TAC2004,497655585823623,,Hộp,
TAC2008,9555570903426,TA Dr Coddle for Dog Digestion,Hộp,
TAC2009,9555570903427,TA Dr Coddle for Dog Immunity,Hộp,
TAC2010,9555570903428,TA Dr Coddle for Dog Joint,Hộp,
TAC2011,9555570903429,TA Dr Coddle for Dog Skin & Coat,Hộp,
TAC2012,8009470013093,TA hỗn hợp hoàn chỉnh (hương vị thịt heo ) cho chó 1 thùng = 100gr x 32 hộp,Hộp,
TAC2013,8009470013253,TA hỗn hợp hoàn chỉnh (hương vị thịt heo và thơm) cho chó 1 thùng = 100gr x 32 hộp,Hộp,
TAC2014,8009470013086,TA hỗn hợp hoàn chỉnh (hương vị cá hồi ) cho chó 1 thùng = 100gr x 32 hộp,Hộp,
TAC2015,8009470013246,TA hỗn hợp hoàn chỉnh (hương vị cá hồi và lê) cho chó 1 thùng = 100gr x 32 hộp,Hộp,
TAC2016,8009470013215,TA hỗn hợp hoàn chỉnh (hương vị thịt gà và phúc bồn tử) cho chó 1 thùng = 100gr x 32 hộp,Hộp,
TAC2017,8009470013208,TA hỗn hợp hoàn chỉnh (hương vị thịt gà tây và quả việt quất) cho chó 1 thùng = 100gr x 32 hộp,Hộp,
TAC2018,8009470013031,TA hỗn hợp hoàn chỉnh (hương vị cá thịt gà và rau) cho chó 1 thùng = 100gr x 32 hộp,Hộp,
TAC2019,8009470013062,TA hỗn hợp hoàn chỉnh (hương vị thịt gà) cho chó 1 thùng = 100gr x 32 hộp,Hộp,
TAC2020,8009470013239,TA hỗn hợp hoàn chỉnh (hương vị thịt vịt và cam) cho chó 1 thùng = 100gr x 32 hộp,Hộp,
TAC2021,8009470013048,TA hỗn hợp hoàn chỉnh (hương vị thịt vịt) cho chó 1 thùng = 100gr x 32 hộp,Hộp,
TAC2022,8009470013017,TA hỗn hợp hoàn chỉnh (hương vị cá ngừ) cho chó 1 thùng = 100gr x 32 hộp,Hộp,
TAC2023,8009470013024,TA hỗn hợp hoàn chỉnh (hương vị thịt gà tây) cho chó 1 thùng = 100gr x 32 hộp,Hộp,
TAC2024,8850081810119,TA ướt Hug With lamb liver mince in gravy (Thùng 48 túi x 120g),Túi,
TAC2024,497655585823678,,Thùng,
TAC2025,8850081810126,TA ướt  Hug Chicken with sweet potato (Thùng 48 túi x 120g),Túi,
TAC2025,497655585823675,,Thùng,
TAC2026,9556106019107,TA ướt cho chó Hug Chicken with vegetable (Thùng 12 lon x 400g),Lon,
TAC2026,497655585823676,,Thùng,
TAC2027,8850081810140,TA ướt  Hug With lamb liver and vegetable (Thùng 48 túi x 120g),Túi,
TAC2027,497655585823677,,Thùng,
TAC2028,9556106019121,TA ướt cho chó Hug Chicken (Thùng 12 lon x 400g),Lon,
TAC2028,497655585823672,,Thùng,
TAC2029,9556106019114,TA ướt cho chó Hug Chicken with beef liver (Thùng 12 lon x 400g),Lon,
TAC2029,497655585823673,,Thùng,
TAC2030,8850081810133,TA ướt cho chó Hug Chicken with pumpkin (Thùng 48 túi x 120g),Túi,
TAC2030,497655585823674,,Thùng,
TAC2031,8853301530019,Thuc An Cho-Vi Bo nau sot 130g,Túi,
TAC2031,497655585823613,,Hộp,
TAC2032,8853301530033,Thuc An Cho-Vi Ga va Bo xong khoi 130g,Túi,
TAC2032,497655585823616,,Hộp,
TAC2033,8853301530026,Thuc An Cho-Vi Ga nau sot 130g_N,Túi,
TAC2033,497655585823615,,Hộp,
TAC2034,8853301530057,Thuc An Cho con-Vi Ga nau sot 130g_N,Túi,
TAC2034,497655585823608,,Hộp,
TAC2035,8853301530309,Sot cho lon-Vi gan nuong & rau 130g_N,Túi,
TAC2035,497655585823561,,Hộp,
TAC2036,8853301530293,SOT CHO LON-BO HAM VA RAU CU 130G_N,Túi,
TAC2036,497655585823560,,Hộp,
TAC2037,8850477814400,Smartheart Beef & Liver - 400 gm.,Hộp,
TAC2038,8850477015913,SmartHeart Chicken Formula- 400g ( 24 x 1 / Carton ),Lon,
TAC2039,8850477015944,SmartHeart Chicken Stew With Vegetables- 400g ( 24 x 1 / Carton ),Lon,
TAC2040,8850477006300,SmartHeart Chicken With Smoked Sausage- 400g ( 24 x 1 / Carton ),Lon,
TAC2041,8850477004689,SmartHeart Chicken With Vegetables- 400g ( 24 x 1 / Carton ),Lon,
TAC2042,8850477004672,SmartHeart Beef Stew With Vegetables- 400g ( 24 x 1 / Carton ),Lon,
TAC2043,8850477015920,SmartHeart Beef & Vegetable- 400g ( 24 x 1 / Carton ),Lon,
TAC2044,8850477015906,SmartHeart Lamb- 400g ( 24 x 1 / Carton ),Lon,
TAC2045,8850477834408,Smartheart Chicken & Liver - 400 gm,Hộp,
TAC2046,8009470014465,"TA hỗn hợp hoàn chỉnh cho chó hương vị thịt heo MONGE FRESH ADULT DOGS CHUNKS IN LOAF PORK, 1 thùng=400grx24",Lon,
TAC2047,8009470014472,"TA hỗn hợp hoàn chỉnh cho chó hương vị thịt gà MONGE FRESH ADULT DOGS CHUNKS IN LOAF CHICKEN, 1 thùng=400grx24",Lon,
TAC2048,8009470014564,"TA hỗn hợp hoàn chỉnh cho chó hương vị thịt vịt MONGE FRESH ADULT DOGS CHUNKS IN LOAF WITH DUCK, 1 thùng=400grx24",Lon,
TAC2060,8938529672182,Bánh thưởng cấp nước giò heo hầm King's Pet cho chó lớn 380g,Lon,
TAC2061,8938551644089,LaPaw Gourmet Completed Food for DOG - Beef & Vegetable 375g/ TA hoàn chỉnh cho Chó - Vị Bò và Rau tươi 375g,Hộp,
TAC2062,8938551644416,LaPaw Gourmet Completed Food for DOG - Chicken & Vegetable 375g/ TA hoàn chỉnh cho chó - Vị Gà và Rau tươi 375g,Hộp,
TAC2067,8859557807066,Ostech Dog Food - Beef Flavour - 400 GR,Hộp,
TAC2068,8859557807073,Ostech Dog Food - Chicken Flavour - 400 GR,Hộp,
TAC2069,8859557807080,Ostech Dog Food - Chicken and Liver Flavour - 400 GR,Hộp,
TAC2070,8859557807097,Ostech Dog Food - Lamb Flavour - 400 GR,Hộp,
TAC2071,8859557807103,Ostech Dog Food - Chicken and Lamb Flavour - 400 GR,Hộp,
TAC2072,8859557807110,Ostech Dog Food - Chicken and Tuna Flavour - 400 GR,Hộp,
TAC2073,8859557807127,Ostech Dog Food - Beef and Liver Flavour - 400 GR,Hộp,
TAC2074,8859557807134,"Ostech Dog Food - Beef, Rice and Vegetable Flavour - 400 GR",Hộp,
TAC2075,8857127462882,Moochie TA cho chó vị gà 85g (gói),Gói,
TAC2075,497655585823473,,Thùng,
TAC2076,8857127462905,Moochie TA cho chó vị cá hồi 85g (gói),Gói,
TAC2076,497655585823472,,Thùng,
TAC2077,8857127462929,Moochie TA cho chó vị bò 85g (gói),Gói,
TAC2077,497655585823471,,Thùng,
TAC2078,8857127462943,Moochie TA cho chó vị thịt vịt 85g (gói),Gói,
TAC2078,497655585823476,,Thùng,
TAC2079,8857127462967,Moochie TA cho chó vị gan gà 85g (gói),Gói,
TAC2079,497655585823475,,Thùng,
TAC2080,8857127462981,Moochie TA cho chó vị gà tây 85g (gói),Gói,
TAC2080,497655585823474,,Thùng,
TAC2081,8850477833456,Smartheart Chicken Flavor Chunk In Gravy 130 gm.,Gói,
TAC2082,8850477023482,SmartHeart Roasted Duck Flavor 120g (48 x 1/Carton),Gói,
TAC2083,8850477018143,SmartHeart Beef Chunk in Gravy Bulgogi Flavor 120g (48 x 1/Carton),Gói,
TAC2084,8850477022829,SmartHeart Chicken Chunk in Gravy Teriyaki Flavor 120g (48 x 1/Carton),Gói,
TAC2085,8850477018105,SmartHeart Chicken Chunk in Gravy Bacon & Egg Flavor 120g (48 x 1/Carton),Gói,
TAC2086,8850477004795,SmartHeart Beef and Cheese Lasagna Flavor 120g (48 x 1/Carton),Gói,
TAC2087,8850477837454,Smartheart Chicken & Liver Flavor In Jelly 130 gm.,Gói,
TAC2088,8850477833159,SmartHeart Puppy Chicken Flavor Chunk In Gravy - 130 gm,Gói,
TAC2089,8850477816459,SmartHeart Beef Flavor Chunk In Gravy - 130 gm,Gói,
TAC2094,8850477023536,A Pro I.Q. Formula Beef Flavor- 400g (24 x 1/Carton ),Lon,
TAC2095,8850477028807,A Pro I.Q. Formula Beef Flavor Chunk In Gravy- 400g (24 x 1/Carton ),Lon,
TAC2096,8850477023529,A Pro I.Q. Formula Chicken Flavor- 400g ( 24 x 1/Carton ),Lon,
TAC2097,8850477028814,A Pro I.Q. Formula Liver Flavor Chunk In Gravy- 400g ( 24 x 1/Carton ),Lon,
TAC2106,8009470014489,"TA hỗn hợp hoàn chỉnh cho chó hương vị gà tây MONGE FRESH SENIOR DOGS CHUNKS IN LOAF TURKEY WITH VEGETABLES, 1 thùng=400grx24",Lon,
TAC2107,8009470014502,TA hỗn hợp hoàn chỉnh cho chó-Monge VetSolution Dermatosis Canine 150g x 24 hộp/thùng,Hộp,
TAC2108,8009470014519,TA hỗn hợp hoàn chỉnh cho chó-Monge VetSolution Gastrointestinal Canine 150g x 24 hộp/thùng,Hộp,
TAC2109,8009470014526,TA hỗn hợp hoàn chỉnh cho chó-Monge VetSolution Renal and Oxalate Canine 150g x 24 hộp/thùng,Hộp,
TAC2110,8009470014533,TA hỗn hợp hoàn chỉnh cho chó-Monge VetSolution Recovery Canine 150g x 24hộp/thùng,Hộp,
TAC2111,8850477023475,SmartHeart Puppy Chicken Meat With Egg And Carrot - 400g ( 24 x 1 / Carton ),Lon,
TAC2113,9003579307717,TA dạng sệt cho chó/mèo - Recovery Fel/Can Can 195gr,Lon,
TAC2114,497655585822862,TA dạng sệt cho chó - Urinary Canine (12x100g) Gravy,Gói,
TAC2114,497655585823624,,Hộp,
CTPPHU1001,4976555816570,Que da bò cuốn thịt vị gà-vịt-gan 6 cây #81657,Túi,
CTPPHU1002,5010394984577,Banh xuong cho nho vi ga 105G-7stix,Gói,
CTPPHU1003,8853301100229,Banh xuong cho nho vi bo 105G-7stix,Gói,
CTPPHU1004,5010394984584,Banh xuong cho lon vi ga 172G-7stix,Gói,
CTPPHU1005,8809039026263,TA Cheese ball - 100g,Gói,
CTPPHU1006,8809039023538,TA Lamb cheese sand - 100g,Gói,
CTPPHU1007,8809039021022,TA Mixed snacks - 150g,Gói,
CTPPHU1008,8809039023507,TA Bowwow Cheese Sausage - 240g,Gói,
CTPPHU1009,8851393000724,Banh xuong cho kieng 60g Vi Ga 2026,Gói,
CTPPHU1009,497655585824008,,Thùng,
CTPPHU1010,8809039026270,TA cho chó - Cheese ball carrot - 100g,Gói,
CTPPHU1011,8853301200325,Pedigree dentastix puppy 56g (vị gà),Túi,
CTPPHU1011,497655585824053,,Hộp,
CTPPHU1011,497655585824054,,Thùng,
CTPPHU1016,697884409079-9,Banh xuong cho lon vi bo 172G - 7stix,Gói,
CTPPHU1016,497655585824396,,Hộp,
CTPPHU1016,497655585824397,,Thùng,
CTPPHU1020,8853301011327-,SMK-T/a vat Cho huong bo xong khoi 70g,Túi,
CTPPHU1020,4976555858233380,,Hộp,
CTPPHU1020,4976555858233390,,Thùng,
CTPPHU1021,8853301011310-,SMK-T/a vat Cho huong gan nuong 70g,Túi,
CTPPHU1021,4976555858233400,,Hộp,
CTPPHU1021,4976555858233410,,Thùng,
SCP1002,611974846114,Sữa cho Chó với Glucosamine 1L,Chai,
SCP1007,8938519869301,Sữa Chó Predogen Gold 400g,Lon,
SCP1008,8938519869318,Sữa  cho Chó Predogen Gold 100g,Hộp,
SN1159,8936217430090,Gà miếng sấy 45g,Gói,
SNC1001,4976555816174,Xương da bò tự nhiên size nhỏ 5 cây #81617,Túi,
SNC1002,4976555816242,Que da bò chlorophyll 10 cây #81624,Túi,
SNC1003,4976555823981,Xương nơ hương sữa 110g #82398,Túi,
SNC1004,4976555823998,Que gặm hương sữa 120g #82399,Túi,
SNC1005,4976555824001,Que gặm hương sữa mini 120g #82400,Túi,
SNC1006,4976555819380,Que gặm hương phô mai 120g #81938,Túi,
SNC1007,4976555819397,Que gặm hương phô mai size mini 120g #81939,Túi,
SNC1008,4976555821024,Thanh gà sấy 70g #82102,Túi,
SNC1009,4976555816518,Sợi gà sấy dẻo 80g #81651,Túi,
SNC1010,4976555816501,Thanh gà sấy dẻo 80g #81650,Túi,
SNC1011,4976555820591,Que cuốn thịt gà 10 cây #82059,Túi,
SNC1012,4976555820607,Que cuốn thịt gà mini 20 cây #82060,Túi,
SNC1013,4976555821031,Xúc xích gà sấy 80g #82103,Túi,
SNC1014,4976555816525,Que da bò nhúng thịt gà 10 cây #81652,Túi,
SNC1015,4976555816273,Xương cuốn thịt gà #81627,Túi,
SNC1016,4976555819960,Bánh quy rau củ cho chó size nhỏ 160gr #81996,Túi,
SNC1017,4976555822779,Bánh quy sữa cho chó size nhỏ 180gr #82277,Túi,
SNC1018,4976555821000,Miếng gà sấy bổ sung thịt bò 90g #82100,Túi,
SNC1019,8853301014359,SMK Cho Con-TA vat Cho-QUE Sua Trung 70g,Túi,
SNC1019,497655585823332,,Hộp,
SNC1019,497655585823333,,Thùng,
SNC1020,8853301011310,SMK-T/a vat Cho huong gan nuong 70g,Túi,
SNC1020,497655585823340,,Hộp,
SNC1020,497655585823341,,Thùng,
SNC1021,8853301011327,SMK-T/a vat Cho huong bo xong khoi 70g,Túi,
SNC1021,497655585823338,,Hộp,
SNC1021,497655585823339,,Thùng,
SNC1022,8853301011242,SMK-T/a vat Cho huong thit ga 70g,Túi,
SNC1022,497655585823342,,Hộp,
SNC1022,497655585823343,,Thùng,
SNC1023,8853301011303,SMK-T/a vat Cho - QUE gan nuong 70g,Túi,
SNC1023,497655585823336,,Hộp,
SNC1023,497655585823337,,Thùng,
SNC1024,8853301011266,SMK-T/a vat Cho - QUE bo xong khoi 70g,Túi,
SNC1024,497655585823334,,Hộp,
SNC1024,497655585823335,,Thùng,
SNC1026,8853301200318,Banh xuong Cho con 75g (new),Túi,
SNC1026,497655585823324,,Hộp,
SNC1026,497655585823325,,Thùng,
SNC1027,8853301200301,Banh xuong Cho trung 98g,Túi,
SNC1027,497655585823330,,Hộp,
SNC1027,497655585823331,,Thùng,
SNC1029,763163284242,Dental chew Cranberry Crocodile,Bịch,
SNC1030,763163284204,Dental chew Cranberry Knotted Bone,Bịch,
SNC1031,763163284235,Dental chew Cranberry Mini Stick,Bịch,
SNC1032,671875797458,Dental chew Milk Crocodile,Bịch,
SNC1033,671875797274,Dental chew Milk Knotted Bone,Bịch,
SNC1034,671875797427,Dental chew Milk Mini Stick,Bịch,
SNC1035,763163284211,Dental chew Cranberry Toothbrush Mini,Bịch,
SNC1036,671875797281,Dental chew Milk Toothbrush Mini,Bịch,
SNC1037,763163284228,Dental chew Cranberry Toothbrush Med,Bịch,
SNC1038,671875797410,Dental chew Milk Toothbrush Med,Bịch,
SNC1039,671875797212,Dental chew Mint Toothbrush Mini,Bịch,
SNC1040,671875797229,Dental chew Mint Toothbrush Med,Bịch,
SNC1041,671875797267,Dental chew Mint Crocodile,Bịch,
SNC1042,671875797205,Dental chew Mint Knotted Bone,Bịch,
SNC1043,671875797236,Dental chew Mint Mini stick,Bịch,
SNC1044,9556106500220,THT 525,Bịch,
SNC1045,9556106500221,THT 540,Bịch,
SNC1046,9556106500222,THT 6100,Bịch,
SNC1047,9556106500223,THT 625,Bịch,
SNC1048,9556106500224,THT 645,Bịch,
SNC1049,9556106500225,THT 665,Bịch,
SNC1050,9556106500226,THT 720,Bịch,
SNC1051,9556106500227,THT 726,Bịch,
SNC1052,9556106500228,THT 746,Bịch,
SNC1053,9556106500229,THT 767,Bịch,
SNC1054,9556106500230,THT 768,Bịch,
SNC1055,9556106500231,THT 851,Bịch,
SNC1056,9556106500232,THT 852,Bịch,
SNC1057,9556106500233,THT 853,Bịch,
SNC1058,9556106500234,THT 855,Bịch,
SNC1059,9556106500235,THT 861,Bịch,
SNC1060,9556106500236,THT 862,Bịch,
SNC1061,9556106500237,THT 865,Bịch,
SNC1062,9556106500238,THT 903,Bịch,
SNC1063,9556106500239,THT 905,Bịch,
SNC1064,9556106500240,THT 907,Bịch,
SNC1072,9556106500260,Goodies Milky Bone vị sữa size S,Gói,
SNC1073,9556106500261,Goodies hình que vị rau,Gói,
SNC1074,9556106500262,Goodies hình que vị cừu,Gói,
SNC1075,9556106500263,Goodies hình que vị sữa,Gói,
SNC1076,9556106500264,Goodies hình que vị gan,Gói,
SNC1077,9556106500265,Goodies hình que tổng hợp,Gói,
SNC1079,4976555816181,Xương da bò tự nhiên size lớn 2 cây #81618,Túi,
SNC1080,4976555822960,Xương nơ hương sữa 25 cây #82296,Túi,
SNC1081,4976555819373,Que gặm hương bò 120g #81937,Túi,
SNC1082,4976555820096,Que gặm thơm miệng 120g #82009,Túi,
SNC1083,4976555820102,Que gặm thơm miệng mini 120g #82010,Túi,
SNC1084,6954547202905,"TA chó High Calcium Milk Flavor có chứa thịt , đóng gói 90g/túi,hình bàn chải,",Túi,
SNC1085,4976555816556,Mề gà sấy 70g #81655,Túi,
SNC1086,4976555821017,Miếng gà sấy bổ sung rau củ 90g #82101,Túi,
SNC1087,4976555820584,Que da bò cuốn thịt gà 10 cây #82058,Túi,
SNC1088,6954547200215,"TA  Breath Freshen Peppermint có chứa thịt , 90g/túi,  hình bàn chải,",Túi,
SNC1089,6954547202912,"TA \chó Beef Flavor Nutrients có chứa thịt 90g/túi,hình bàn chải,",Túi,
SNC1090,6954547200208,"TABS dạng hỗn hợp cho chó High Calcium Cheese có chứa thịt , đóng gói 90g/túi, Dạng hạt hình bàn chải,18 tháng, mới 100%",Túi,
SNC1093,8851759941012,"TABS cho chó (vị thịt gà với rau bó xôi) - Jerhigh Chicken with Spinach stick - gói, J1",Gói,
SNC1094,8851759931013,"TABS cho chó(vị thịt gà với cà rốt) - Jerhigh Chicken With Carrot Stick - gói, J2",Gói,
SNC1095,8851759913149,"TABS cho chó - Blueberry stick - gói, J3",Gói,
SNC1096,8851759913156,"TABS cho chó - Strawberry stick - gói, J4",Gói,
SNC1097,8851759913132,"TABS cho chó - Banana Stick - gói, J5",Gói,
SNC1098,8851759911121,"TABS cho chó ( vị thịt gà) - Jerhigh Stick - gói, J7",Gói,
SNC1099,8851759921014,"TABS cho chó ( vị thịt gà với sữa) - Jerhigh Chicken with Milky Stick - gói, J8",Gói,
SNC1100,8851759911138,"TABS cho chó - Jerhigh Cookie - gói, J10",Gói,
SNC1101,8851759911145,"TABS cho chó - Jerhigh Strip - gói, J11",Gói,
SNC1102,8851759911114,"TABS cho chó - Jerhigh Bacon - gói, J12",Gói,
SNC1103,8851759711196,"TABS cho chó - Beef Stick - gói, J14",Gói,
SNC1104,8851759450453,"TABS cho chó ( vị gan gà) - Jerhigh Liver Stick - gói, J15",Gói,
SNC1105,8851759911619,"TABS cho chó ( vị thịt gà sấy) - Jerhigh Chicken Jerky - gói, J13",Gói,
SNC1106,8851759941241,TA cho chó Jerhigh Hot Dog Bar Chicken Meat And Vegetable - 150 g,Cái,
SNC1107,8851759941258,TA cho chó Jerhigh Hot Dog Bar Chicken Meat And Liver - 150 g,Cái,
SNC1108,8851759941234,TA cho chó Jerhigh Hot Dog Bar Chicken Meat - 150 g,Cái,
SNC1109,8851759723052,TA cho chó Jerhigh Hot Dog Bar Beef Flavour - 150 g,Cái,
SNC1110,8809319856962,TA cho chó - Hard Duck Breast Stripes - 40g,Gói,
SNC1111,8809319855675,TA cho chó - Hard Chicken Breast Stripes - 40g,Gói,
SNC1112,8809319855668,TA cho chó - Chicken Stick - 40g,Gói,
SNC1113,4976555821673,Xương nơ hương gà 10 cây #82167,Túi,
SNC1114,4976555821680,Xương nơ hương gà 5 cây #82168,Túi,
SNC1115,4976555819403,Que dai da bò hương sữa 120g #81940,Túi,
SNC1116,4976555819410,Que dai da bò hương phô mai 120g #81941,Túi,
SNC1117,4976555819427,Que dai da bò hương thươm miệng 120g #81942,Túi,
SNC1120,9557837004691,THT 546,Bịch,
SNC1121,9557837004692,THT 600,Bịch,
SNC1122,9557837004693,THT 608,Bịch,
SNC1123,9557837004694,THT 812,Bịch,
SNC1124,9557837004695,THT 814,Bịch,
SNC1126,9557837004696,THT 816,Bịch,
SNC1127,9557837004697,THT 822,Bịch,
SNC1128,9557837004698,THT 824,Bịch,
SNC1129,9557837004699,THT 826,Bịch,
SNC1130,9557837004700,THT 628,Bịch,
SNC1134,4976555816563,Da bò tẩm vị BBQ 10 miếng #81656,Túi,
SNC1142,8809421700764,"TA hỗn hợp - Hydrolyzed chew salmon, 90gr/gói",Gói,
SNC1143,8809421700771,"TA hỗn hợp - Hydrolyzed chew shrimp, 90gr/gói",Gói,
SNC1144,8809421700658,"TA hỗn hợp - Dental ae Dog, 150gr/gói",Gói,
SNC1145,8809319856955,TA cho chó - Duck Stick - 40g,Gói,
SNC1146,8938557702202,Xương bàn chải hương sữa,Túi,
SNC1147,8938557702196,Xương bàn chải hương phô mai,Túi,
SNC1148,8938557702189,Xương bàn chải hương thịt gà thịt hươu,Túi,
SNC1149,8938557702219,Que xoắn da bò phủ thịt gà,Túi,
SNC1150,8938559749052,Que xoắn vị sữa quấn gà,Túi,
SNC1151,6973184887849,Thanh thịt vịt khô hình tạ hiệu HIGHPY DOG (100g/bag),Gói,
SNC1152,6973184887856,Que xương canxi cuộn thịt vịt hiệu HIGHPY DOG (100g/bag),Gói,
SNC1153,6973184887832,Thanh gà khô hình tạ hiệu HIGHPY DOG (100g/bag),Gói,
SNC1154,6973184887870,Que da bò cuộn thịt gà hiệu HIGHPY DOG (100g/bag),Gói,
SNC1155,6936441400557,Ức gà miếng hiệu KARL (88g/bag),Gói,
SNC1156,6936441400571,Thịt vịt miếng hiệu KARL (118g/bag),Gói,
SNC1157,6936441400564,Thịt gà xé mềm hiệu KARL (118g/bag),Gói,
SNC1158,89938534079924,"TABS canxi cho chó có chứa thành phần gelatin, bơ, sữa 100g, hiệu Orgo, mã EO04",Gói,
SNC1159,497655585822670,Xương nơ hương sữa lớn 2 cây #82267,Túi,
SNC1160,4976555816587,Da bò bọc thịt gà hình đùi tỏi 2 cây #81658,Túi,
SNC1161,4976555820577,Bánh da bò phủ thịt gà 6 cây #82057,Túi,
SNC1163,8853301100267,Banh xuong cho lon vi bo 172G - 7stix,Gói,
SNC1163,497655585823326,,Hộp,
SNC1163,497655585823327,,Thùng,
SNC1171,8938557702349,Que gặm gà viên,Túi,
SNC1172,8938557702295,Que gặm da heo quấn gà,Túi,
SNC1442,89938534079605,Goodies Milk Bone vị dâu size S,Gói,
SNC1501,4976555823561,Thịt gà cuộn bánh rau củ 90g #82356,Túi,
SNC1502,4976555823578,Gan gà cuộn bánh rau củ 90g #82357,Túi,
SNC1503,4976555819557,Que bò mềm bổ dưỡng 420g #81955,Túi,
SNC1504,4976555819564,Que bò mềm bổ dưỡng size nhỏ 420g #81956,Túi,
SNC1505,4976555819571,Que gà mềm bổ dưỡng 420g #81957,Túi,
SNC1506,4976555819588,Que gà mềm bổ dưỡng size nhỏ 420g #81958,Túi,
SNC1507,497655585822671,THT 526,Bịch,
STC1001,8850477016910,Smartheart Creamy Dog Treats Chicken & Pumpkin-60g x 24gói,Gói,
STC1002,8850477016927,Smartheart Creamy Dog Treats Chicken & Carrot-60gx24gói,Gói,
STC1003,8850477016903,Smartheart Creamy Dog Treats Chicken & Spinach-60gx24gói,Gói,
STC1004,8850477016934,Smartheart Creamy Dog Treats Strawberry Flavor-60gx24gói,Gói,
VFS01,9556106500258,VEGGIEDENT FR3SH S,Gói,
CVCXXX2001,497655585824155,Lồng ND91Q (D217),Chiếc,
CVCXXX2002,497655585823103,Lồng D215MA,Chiếc,
CVCXXX2003,497655585823288,Lồng D216MA,Chiếc,
CVCXXX2004,497655585823289,Lồng D217MA,Chiếc,
CVCXXX2005,497655585824293,Chuồng 75 (D216),Cái,
CVCXXX2006,4976555858236684,Chuồng sắt trung dày  mâm 2 cửa(HK),Cái,
CVCXXX2007,4976555858236704,Chuồng sắt trung dày (có mâm)(2 cửa),Chiếc,
LCP1001,9557837004724,"Lồng Petland,, model: D214MA, Size: L46*W30*H37(cm) 5 cái/thùng,",Chiếc,
LCP1002,9557837004725,"Lồng  Petland model: D215MA, Size: L61*W43*H50(cm)  5 cái/thùng",Chiếc,
LCP1005,89938534079613,Lồng dây Size M,Chiếc,
LCP1008,89938534079616,Lồng dây uốn 3 Size L,Chiếc,
LCP1011,89938534079887,Lồng dây Size L,Chiếc,
LCP1012,89938534079888,Lồng dây Size XL,Chiếc,
LCP1013,89938534079891,Lồng uốn 3 Size L,Cái,
LCP1014,89938534079892,Lồng uốn 2 size M,Cái,
LCP1015,89938534079893,Lồng mèo hộp 2 size M,Cái,
LCP1016,89938534079965,Lồng sơn tĩnh điện size S,Cái,
LCP1017,89938534079966,Lồng sơn tĩnh điện size M,Cái,
LCP1018,89938534079967,Lồng sơn tĩnh điện size L,Cái,
LCP1023,497655585823018,"Lồng Petland,  item: LS-2, Size: L63*W43*H58cm 1 cái/thùng",Chiếc,
LCP1024,497655585823019,"Lồng Petland, model: D-65, Size: L62*W43*H53(cm)  1 cái/thùng,",Chiếc,
LCP1025,497655585823020,"LồngPetland, model:D-198a, kích thước:L77.5*W56.5*H65 (cm), 1 cái/ thùng",Chiếc,
KMG1001,9555570903417,Khăn ướt Bioion Pets Pounce Wet Wipes chó,Bịch,
KMG1003,4580235600092,Khăn ướt Nade Nade cho chó,Gói,
KMG1004,4580235600061,Khăn ướt Nade Nade cho chó-Không mùi,Gói,
STP1015,9346781000275,ST hương Baking Soda 1L,Chai,
STP1016,793591301310,ST hương Hoa Tươi 1L,Chai,
STP1017,793591301303,ST hương Lavender 1L,Chai,
STP1018,793591301280,ST hương Nha Đam 1L,Chai,
STP1019,793591301297,ST hương Tinh Dầu Trà 1L,Chai,
STP1020,9346781000282,ST hương Trà Xanh 1L,Chai,
STP1021,8809058113517,Dầu gội chó lớn 1000ML-large dog,Chai,
STP1022,8809058116150,Dầu gội dành cho chó lông xoăn có màu trắng 550ml-white curly hair,Chai,
STP1023,8809058114330,Dầu gội và xả dành cho chó lông xoăn 550ml- curly hair,Chai,
STP1053,6925677018346,"Sữa tắm dạng bọt dành riêng cho chó, dung tích 500ml, nhãn hiệu SOS",Chai,
STP1073,89938534079712,"Sữa tắm khô dành cho chó, dung tích 500ml/chai, nhãn hiệu SOS",Chai,
STP5000,8936221912018,Shampoo Fortis derm_250ml_Chai (dog),Chai,
STP5009,8935074653048,BIO-SHAMPOO 1 (CARE) - 150ml/chai,Chai,
STP5010,8850292513021,Sữa Tắm Gội ngăn ngừa Bọ Chét BEARING Tick & Flea Cho Chó Lông Dài 300ml,Chai,
STP5011,8850292515025,Sữa Tắm Gội ngăn ngừa Bọ Chét BEARING Tick & Flea Dành cho Chó Có Mùi Hôi Ẩm 300ml,Chai,
STP5012,8850292512024,Sữa Tắm Gội ngăn ngừa Bọ Chét BEARING Tick & Flea Dành cho Chó Lông Ngắn 300ml,Chai,
STP5028,8850292511027,Sữa Tắm Gội ngăn ngừa Bọ Chét BEARING Tick & Flea Cho Tất Cả Các Giống Chó 300ml.,Chai,
TCN2040,9557837004662,EPIOTIC SIS EAR CLEANSER FOR DOGS 120ml,Lọ,
TCN2042,89938534079472,EPIOTIC SIS EAR CLEANSER FOR DOGS 237ml,Lọ,
VSP1005,736990004222,Giảm hôi miệng cho chó 8Oz-DF Dog Orig,Chai,
VAC1001,9555570903421,VẮC XIN THÚ Y - VANGUARD PLUS 5/CV-L ( 1 DOSE ),Lọ,
VAC1002,9557837004675,VẮC XIN THÚ Y - VANGUARD PLUS 5 ( 1 DOSE 1ML 1'S),Lọ,
VAC1005,89938534079489,HIPRADOG-7 1 ds,Lọ,
ĐT001-1,497655585823951,"DV Khám, chữa bệnh",Lần,
ĐT001-10,497655585823959,Cạo vôi răng,Lần,
ĐT001-11,497655585823960,Vệ sinh vết thương nhỏ,Lần,
ĐT001-12,497655585823961,Vệ sinh vết thương lớn,Lần,
ĐT001-13,497655585823962,Kiểm tra đường huyết,Lần,
ĐT001-2,497655585823952,DV chăm sóc truyền dịch/truyền máu,Lần,
ĐT001-3,497655585823953,DV Truyền Dịch,Lần,
ĐT001-4,497655585823954,Châm Cứu,Lần,
ĐT001-5,497655585824070,Khám bệnh sau 22 giờ,Lần,
ĐT001-6,497655585823955,Khám bệnh sau 21 giờ,Lần,
ĐT001-8,497655585823957,Cấp cứu đêm,Lần,
ĐT001-9,497655585823958,Cấp đêm bênh nặng,Lần,
ĐT002-1,497655585823963,Siêu âm,Lần,
ĐT002-2,497655585823964,Siêu âm tim,Lần,
ĐT003-1,497655585823965,DV tiêm phòng (DẠI),Lần,
ĐT003-2,497655585823966,DV tiêm phòng (VAN 5b),Lần,
ĐT003-3,497655585823967,DV tiêm phòng (VAN 7b),Lần,
ĐT003-4,497655585823968,DV tiêm phòng ( Hipra),Lần,
ĐT003-5,497655585823969,DV tiêm phòng ( Recom),Lần,
ĐT004,497655585823998,DV Phẫu thuật,Lần,
ĐT005-1,497655585823984,Lưu bệnh dưới 3Kg,Lần,
ĐT005-2,497655585823985,Lưu bệnh 3Kg - 5kg,Lần,
ĐT005-3,497655585823986,Lưu bệnh 5Kg - 7kg,Lần,
ĐT005-4,497655585823987,Lưu bệnh 7Kg - 10kg,Lần,
ĐT005-5,497655585823988,Lưu bệnh 10Kg - 15kg,Lần,
ĐT005-6,497655585823989,Lưu bệnh 15Kg - 20kg,Lần,
ĐT005-7,497655585823990,Lưu bệnh trên 20kg,Lần,
ĐT006-1,497655585823991,Lưu bệnh dưới 3Kg (lễ tết),Lần,
ĐT006-2,497655585823992,Lưu bệnh 3Kg - 5kg (lễ tết),Lần,
ĐT006-3,497655585823993,Lưu bệnh 5Kg - 7kg (lễ tết),Lần,
ĐT006-4,497655585823994,Lưu bệnh 7Kg - 10kg (lễ tết),Lần,
ĐT006-5,497655585823995,Lưu bệnh 10Kg - 15kg (lễ tết),Lần,
ĐT006-6,497655585823996,Lưu bệnh 15Kg - 20kg (lễ tết),Lần,
ĐT006-7,497655585823997,Lưu bệnh trên 20kg (lễ tết),Lần,
ĐT007-1,497655585823999,Chụp X-Quang  1-2 tư thế,Lần,
ĐT007-2,497655585824000,Chụp X-Quang 3 tư thế,Lần,
ĐT007-3,497655585824001,Chụp X-Quang thêm 1 tư thế,Lần,
ĐT007-4,497655585824002,Chụp X-Quang cản quang,Lần,
ĐT008-01,497655585823908,Xét nghiệm công thức máu (CBC),Lần,
ĐT008-02,497655585823909,Xét nghiệm sinh hóa máu 19 chỉ tiêu,Lần,
ĐT008-03,497655585823910,Xét nghiệm sinh hóa máu 28 chỉ tiêu,Lần,
ĐT008-04,497655585823911,Soi phân,Lần,
ĐT008-05,497655585823912,Soi da,Lần,
ĐT008-06,497655585823913,Soi dịch tai,Lần,
ĐT008-07,497655585823914,Soi dịch mắt,Lần,
ĐT008-08,497655585823915,Xét nghiệm tổng quát chó (sinh hóa 19 chỉ tiêu),Lần,
ĐT008-09,497655585823916,Xét nghiệm tổng quát chó (sinh hóa 28 chỉ tiêu),Lần,
ĐT008-10,497655585823917,Xét nghiệm tổng quát mèo (sinh hóa 19 chỉ tiêu),Lần,
ĐT008-11,497655585823918,Xét nghiệm tổng quát mèo (sinh hóa 28 chỉ tiêu),Lần,
ĐT008-12,497655585823919,Xét nghiệm tuyến tụy chó (Mindray),Lần,
ĐT008-14,497655585823921,Xét nghiệm tuyến tụy chó (Vcheck),Lần,
ĐT008-16,497655585823923,Xét Nghiệm Dị Ứng Nguyên,Lần,
ĐT008-17,497655585823924,Xét Nghiệm Sinh Hóa nước tiểu,Lần,
ĐT008-18,497655585823925,Sinh Thiết,Lần,
ĐT008-19,497655585823926,Kháng Sinh Đồ,Lần,
ĐT008-20,497655585823927,Soi Tế Bào,Lần,
ĐT008-21,497655585823928,Soi ký sinh trùng máu,Lần,
ĐT008-22,497655585823929,Soi Nước Tiểu,Lần,
ĐT008-23,497655585823930,Xét Nghiệm T4 (Vcheck),Lần,
ĐT008-24,497655585823931,Xét Nghiệm T4 (Mindray),Lần,
ĐT008-25,497655585823932,Xét Nghiệm cTSH (Vcheck),Lần,
ĐT008-26,497655585823933,Xét Nghiệm cTSH (Mindray),Lần,
ĐT008-27,497655585823934,Xét Nghiệm cSDMA (Mindray),Lần,
ĐT008-28,497655585823935,Xét Nghiệm cSDMA (VCheck),Lần,
ĐT008-29,497655585823936,Xét Nghiệm cCRP (Mindray),Lần,
GR001,497655585823937,DV Combo Tắm + Cắt,Lần,
GR002,497655585823938,DV Combo Tắm + Cạo,Lần,
GR003,497655585823939,DV Tắm,Lần,
ĐT009-3,497655585823949,Chụp CT không cản quang (liên kết),Lần,
ĐT009-4,497655585823950,Chụp CT có cản quang (liên kết),Lần,
ĐT010,497655585824010,Xổ giun,Lần,
ĐT009-1,497655585823947,Chụp CT không cản quang,Lần,
ĐT009-2,497655585823948,Chụp CT có cản quang,Lần,
GR004,497655585823940,DV Cắt lông,Lần,
GR005,497655585823941,DV Cạo lông,Lần,
GR006,497655585823942,DV Cắt móng,Lần,
GR007,497655585823943,DV Vệ sinh tai,Lần,
GR008,497655585823944,DV Gỡ lông rối,Lần,
GR009,497655585823945,DV Vắt tuyến hôi,Lần,
GR010,497655585823946,"DV Grooming khác (Tỉa mặt, cạo 4 chân,...)",Lần,
HCNXXX1001,934678105026,TA Omega 3 _ 90 viên (VetActiv8 Omega 3),Viên,
HCNXXX1001,497655585824009,,Hộp,
HCNXXX1002,8935020310438,Nuvita Gel 120g Tube(nhôm vàng),Tuýp,
HCNXXX1003,89938534079732-,Men Clostop SP 20gr,Gói,
MTH1001,89938534079732,Men Clostop SP 20gr,Gói,
TCN2001,8935020330412,Probisol 5g Gói(Pets),Gói,
TCN2003,893502031043,Nuvita Gel 120g Tube(nhôm vàng),Tuýp,
TCN2004,8935020326330,Elecamin DB 20ml Chai(Oral drops),Chai,
TCN2021,9557837004654,TABS Modern Pet Vita Hemo 100 ml,Chai,
TCN2022,3597133077650,MEGADERM,Gói,
TCN2022,497655585823444,,Hộp,
TCN2024,3597133098853,NUTRI PLUS GEL 120G,Tuýp,
TCN2030,020279995173,Men Bene Bac Gel 15g,Tuýp,
TCN2032,9556106500216,Polyvit (50ml),Chai,
TCN2038,9557837004659,MOVOFLEX (2G X30),Viên,
TCN2038,497655585823477,,Hộp,
TCN2039,9557837004660,MOVOFLEX (4G X 30),Viên,
TCN2039,497655585823478,,Hộp,
TCN2059,8936057878151,TA chăn nuôi bổ sung Pet Lac 10 g,Gói,
TCN2062,8935020300446,HEMO Rooster_50 Viên/Chai(Pets),Viên,
TCN2062,497655585823409,,Chai,
HDCXXX1001,497655585823111,"Bát đơn đựng đồ ăn cho mèo, Model: 2200-1, chất liệu inox, KT: 11.5*4cm, không hiệu",Cái,
HDCXXX1002,497655585823112,"Bát đựng TA chống lật  bằng thép không gỉ (inox) kết hợp nhựa, KT 11.5*15.5*4CM+/-10%.",Cái,
HDCXXX1003,497655585823113,"Bát ăn đế cao cho mèo, chất liệu nhựa PP, màu: xanh lục, hồng, xanh dương, kt: 13.5*11.5*8cm",Cái,
HDCXXX1004,497655585823114,"Bát đơn đựng đồ ăn và nước cho mèo,model: 1001-1, chất liệu: inox và nhựa PP, kích thước:15*15*6cm",Cái,
HDCXXX1005,497655585823115,"Bát đựng TA cho thú cưng bằng inox kèm đế đỡ bằng nhựa, có thể tháo rời, KT 18.5*6.5*14CM+/-10%.",Cái,
HDCXXX1006,497655585823116,"Bát đựng TA cho thú cưng bằng inox kèm đế đỡ bằng nhựa, KT 21*21CM+/-10%. Mã 0231-1.",Cái,
HDCXXX1007,497655585823224,"Dụng cụ cho chó mèo ăn LS232-1, bằng nhựa, không phụ kiện, không nhãn hiệu, kt 46x30x11 cm",Chiếc,
HDCXXX1008,497655585822959,Bình cấp ăn uống tự động,Cái,
HDCXXX1009,8936239101480,Lược lấy lông nút bấm có hộp,Cái,
HDCXXX1010,8935236700344,Bình sữa 5 món (núm nhỏ) 60ml,Cái,
HDCXXX1011,497655585824061,Dụng cụ đút thuốc,Chiếc,
HDCXXX1012,497655585824062,Tông đơ CP-6800,Chiếc,
HDCXXX1013,6938655900015,Máy mài móng M30,Chiếc,
HDCXXX1014,497655585824063,Bát 4 chân màu kem có inox,Cái,
HDCXXX1015,497655585824064,Bát nhựa đơn hình gấu size lớn,Chiếc,
HDCXXX1016,497655585824065,Bát nhựa đơn hình gấu size trung,Chiếc,
HDCXXX1017,497655585824066,Bát nhựa đơn hình gấu size nhỏ,Chiếc,
HDCXXX1018,497655585824067,Bát đơn mắt to + inox,Chiếc,
HDCXXX1019,497655585824071,Lưỡi tông đơ Dismeyduct,Chiếc,
HDCXXX1020,8936204290607,Lưỡi tông đơ 6800,Chiếc,
HDCXXX1021,497655585824209,Kìm cắt móng  X-0406-4,Cái,
PKP1002,6956540168004,"Tông đơ cắt lông thú PET CLIPPER (6956540168004),  COD 6800, kích thước (22,3x20,3x5,4) cm",Cái,
PKP1010,89938534079430,"Bình sữa MILK BOTTOL LS143,  không phụ kiện, kích thước 6x6x14 cm",Cái,
PKP1011,89938534079429,"Bình  sữa MILK BOTTOL LS144,không phụ kiện, kích thước 3.5x3.5x11",Cái,
PKP1019,89938534079469,Kèm cắt móng cỡ trung G-111,Cái,
PKP1024,89938534079478,Kéo cắt móng thông minh,Cái,
PKP1031,89938534079636,"Bát ăn cho thú cưng, ký hiệu: X-0326-11",Cái,
PKP1032,89938534079637,"Bát ăn cho thú cưng, ký hiệu: X-921-8",Cái,
PKP1038,6956540133002,"Máy mài móng mã CP-3300 DC1.2V/450mAh, kt 4x15cm, hiệu Codds",Chiếc,
PKP1039,89938534079660,"Kéo cong SP848,",Chiếc,
PKP1040,89938534079661,"Tấm nhựa để sàn PLASTIC MAT (SP1298), làm bằng nhựa, kt 42x62x46",Chiếc,
PKP1041,89938534079662,Đồ vệ sinh lông  bằng nhựa,Chiếc,
PKP1043,89938534079664,"Bát ăn mã SP116, đường kính bát 18cm",Chiếc,
PKP1044,89938534079665,"Bát ănmã: SP117, đường kính bát 22cm",Chiếc,
PKP1045,89938534079666,"Bát ăn treo  ZHD0007, kt 18x18x8cm bằng nhựa, không phụ kiện,",Chiếc,
PKP1046,89938534079667,"Bát ăn treo chuồng ZHD0008, kt 14x14x6cm bằng nhựa, không phụ kiện,",Chiếc,
PKP1047,89938534079669,"Dụng cụ hỗ trợ  uống thuốc, hình bơm tiêm bằng nhựa, DRUG PEEDER FOR PETSnc003, kt 140x60x12 mm, không hiệu mới 100",Chiếc,
PKP1048,89938534079670,"Phụ kiện tông đơ cắt tỉa lông thú cưng CP-6800: Lưỡi tông đơ hiệu Dismeyduct, chất liệu bằng thép, kt 38x38mm",Chiếc,
PKP1049,89938534079671,"Dụng cụ  chó mèo uống nước LS115, bằng nhựa, không phụ kiện kt 10x9x17.5cm",Chiếc,
PKP1050,89938534079672,"Tông đơ mã CP-6800, C/s 20W,  kt 16.5x5x3.5cm, hiệu Codos",Chiếc,
PKP1051,89938534079673,"Dụng cụ cho mèo uống nước PET WATER FEEDER LS112, bằng nhựa, không phụ kiện, không nhãn hiệu, kích thước (8.5x6.5x19)cm",Cái,
PKP1052,89938534079677,"Phụ kiện tông đơ  CP-6800: lưỡi tông đơ mã Ky Nam 6800,  kt 38x38mm",Chiếc,
PKP1053,89938534079692,Tô nhựa nhỏ,Cái,
PKP1054,89938534079693,Tô nhựa trung,Cái,
PKP1055,89938534079694,Tô nhựa đôi vuông trung,Cái,
PKP1057,89938534079709,Bình uống nước LS111 (500ml),Cái,
PKP1061,89938534079867,Tô nhựa đôi vuông lớn,Cái,
PKP1062,89938534079868,Tô nhựa lớn,Cái,
PKP1063,89938534079902,"Kìm cắt móng  PVN2229, bằng sắt, kt 55*41*38cm,",Chiếc,
PKP1064,89938534079903,"Kìm cắt móng  PVN2228, bằng sắt, kt 65*45*38cm,",Chiếc,
PKP1065,89938534079904,"Cốc o uống nước BOWL (LS197), bằng nhựa, không phụ kiện, kích thước (11,5x7,5x4,5)cm.",Chiếc,
PKP1066,89938534079905,"Cốc đựng TA cho thú cưng (Pet Bowl loại LS198), bằng nhựa, kt 13x8.7x4.5 cm",Chiếc,
PKP1067,89938534079916,"Khăn vệ sinh siêu thấm dành bằng nhựa xốp PVA, mã: SP451, kt: 66*43",Cái,
PKP1068,89938534079917,"Khăn vệ sinh siêu thấm bằng nhựa xốp PVA, mã: SP452, kt 43*32",Cái,
PKP1069,89938534079918,"Bàn chải bằng nhựa, PVN2238",Chiếc,
PKP1070,89938534079919,"Dụng cụ uống nước LS222, bằng nhựa, không phụ kiện,  kt 36x18x27cm",Chiếc,
PKP1071,89938534079920,"Bát ăn đựng nước nhựa PE+PET, loại LS221, kt 35x17x29cm",Chiếc,
PKP1075,89938534079932,Khăn lau  kt(64*43)cm,Cái,
PKP1076,89938534079933,"Khăn lau, kt(43*32)cm",Cái,
PKP1077,89938534079936,Lược lấy lông nút bấm có hộp,Cái,
PKP1078,89938534079937,Kềm cắt móng- kèm dũa,Cái,
PKP1083,6925732104243,Chén nhựa (BO-3037-Z),Cái,
PKP1084,6925732104793,Chén nhựa  (BO-3031-Z),Cái,
PKP1085,89938534079974,Chén đựng TA bằng nhựa (BO-3029-Z),Cái,
PKP1087,497655585822748,Phụ kiện Lược chải lông  ký hiệu: X-0720-2E/A-0721-2A,Cái,
PKP1088,497655585822749,"Phụ kiện  Lược chải lông , ký hiệu: T-0529-5",Cái,
PKP1092,497655585822861,"Kéo cong grooming 7"", cho thú cưng",Cái,
PKP1093,497655585822871,"Kìm cắt móng cho thú cưng, ký hiệu: X-0406-4",Cái,
PKP1097,497655585822881,Phụ kiện Lược chải lông  inox nhỏ,Cái,
PKP1098,497655585822882,Phụ kiện  Lược chải lông inox trung,Cái,
PKP1099,497655585822883,Phụ kiện Lược chải lông \ inox lớn,Cái,
PKP1106,497655585822922,Tô mika màu 15 cm,Cái,
PKP1107,497655585822923,Tô mika màu 18 cm,Cái,
PKP1108,497655585822924,Tô mika màu 26 cm,Cái,
PKP1109,497655585822935,Phụ kiện  Bộ kìm cắt móng  ký hiệu: T -0905-4B,Cái,
PKP1113,497655585822957,"Bình sữa cho thú cưng, nhãn hiệu DIIL, kí hiệu: X-8021-7",Cái,
PKP1115,497655585822960,Bộ bát ăn ký hiệu: X-0423-10/T-0423-4,Cái,
PKP1118,497655585822994,"Lược chải trong Spa răng lược thép ,tay cầm nhựa và cao su, Size 12x18 cm, mã: SP1710",Cái,
PKP1119,497655585822997,"Bát ăn dành cho thú cưng, chật liệu bằng thép không gỉ mã SP115, đường kính bát 16cm",Chiếc,
PKP1127,497655585823059,MÁNG UỐNG NƯỚC THÚ CƯNG YD-008,Cái,
PKP1128,497655585823060,MÁNG UỐNG NƯỚC THÚ CƯNG YD-009,Cái,
PKP1129,497655585823081,BÌNH NƯỚC THÚ CƯNG YD-007,Cái,
PKP1130,497655585823082,BÌNH NƯỚC THÚ CƯNG YD-005,Cái,
PKP1131,497655585823083,VÒI NƯỚC THÚ CƯNG YD-003,Cái,
PKP1132,497655585823084,BÁT TA THÚ CƯNG YD-016,Cái,
PKP1133,497655585823104,"Bát ăn cho thú cưng, ký hiệu: X-0225-5",Cái,
DCP1001,6971067400437,Đồ chơi  hình bóng lưới Fofos - DCF18318,Cái,
DCP1002,6971067400444,Đồ chơi ình cuộn len Fofos - DCF18319,Cái,
DCP1003,6971067400888,Đồ chơi hình bóng hài hước Fofos - DCF18333,Cái,
DCP1004,6971067400871,Đồ chơi bóng chuông hình con vật Fofos - DCF18332,Cái,
DCP1005,89938534079477,Đồ chơi cao su dây thừng,Cái,
DCP1008,89938534079663,"Đồ chơi  PET TOYS (SP 218), hình gà đại, kt 41 cm, không hiêu",Chiếc,
DCP1010,89938534079866,"Đồ chơi (cho thú cưng gặm), chất liệu nhựa PVC, kích thước (10x5)cm",Cái,
DCP1011,89938534079869,Banh màu đơn dây rút,Cái,
DCP1012,89938534079870,Banh đồ chơi màu chuông,Cái,
DCP1021,6934346703209,Đồ chơi bóng Tennis Fofos - DCF18234,Cái,
DCP1027,6971067400420,Đồ chơi cắn gặm hình cà rốt Fofos - DCF18317,Cái,
DCP1028,6971067400727,Đồ chơi cắn gặm hình trái bắp Fofos - DCF18342,Cái,
DCP1029,6971067408587,Đồ chơi cắn gặm đựng đồ ăn hình quả dâu Fofos - D08587,Cái,
DCP1030,6971067408570,Đồ chơi cắn gặm đựng đồ ăn hình quả lê Fofos - D08570,Cái,
DCP1031,89938534079938,Đồ chơi cao su có dây,Cái,
DCP1032,89938534079939,Đồ chơi cao su,Cái,
DCP1033,89938534079940,Banh thừng đơn,Cái,
DCP1034,89938534079941,Banh thừng đôi nhỏ,Cái,
DCP1035,89938534079942,Dây thừng gặm,Cái,
DCP1038,89938534079978,Đồ mô hình thú cưng (NTD5511-peach red),Cái,
DCP1039,89938534079979,Đồ mô hình thú cưng (NTD9921),Cái,
DCP1041,89938534079981,Đồ chơi thú cưng (LWT-0139+0140+0155),Cái,
DCP1043,89938534079983,Dây đồ chơi cho vật nuôi (OPT32388),Cái,
DCP1052,4976555858105,Thú bông voi #85810,Cái,
DCP1053,4976555854961,Đồ chơi kéo dãn - chó #85496,Cái,
DCP1054,4976555854978,Đồ chơi kéo dãn - gấu #85497,Cái,
DCP1055,4976555858594,Đồ chơi pupi hình con cừu #85859,Cái,
DCP1057,4976555857726,Bóng mềm đặc ruột S 2 PCS #85772,Cái,
DCP1058,4976555857733,Bóng mềm đặc ruột M 1 PC #85773,Cái,
DCP1059,4976555857740,Bóng mềm đặc ruột SS 3PCS #85774,Cái,
DCP1063,497655585822934,Đồ chơi Đèn laze nhỏ,Chiếc,
DCP1064,497655585822936,Đồ chơi bằng vải hình khúc xương nhỏ,Cái,
DCP1065,497655585822937,Đồ chơi bằng vải hình khúc xương lớn,Cái,
DCP1073,497655585822952,"Đồ chơi thú cưng(cho thú cưng gặm), ký hiệu:X-0422-1A/X-0421-2A",Cái,
DCP1074,497655585822995,Đồ chơi thú cưng (CON GÀ NHỎ),Chiếc,
HĐCXXX1001,6930095870674,Đồ mô hình thú cưng (OPT61394),Cái,
HĐCXXX1002,6930095827005,Đồ chơi cho thú cưng (JJFD1772 L),Cái,
HĐCXXX1003,6930095826497,Đồ chơi cho thú cưng (JJFD2055),Cái,
HĐCXXX1004,4976555857085,Thú bông sóc,Cái,
HĐCXXX1005,4976555857108,Thú bông thỏ,Cái,
HĐCXXX1006,4976555858082,Thú bông rái cá,Cái,
HĐCXXX1007,497655585824190,Đồ chơi A4-0521-7 (HK),Cái,
HĐCXXX1008,497655585824191,Đồ chơi T-1224-6 (HK),Cái,
HĐCXXX1009,497655585824193,Banh màu dây thừng lớn,Cái,
HĐCXXX1010,497655585824194,Banh màu dây thừng nhỏ,Cái,
HĐCXXX1011,497655585824195,Đồ chơi vải khúc xương lớn,Cái,
HĐCXXX1012,497655585824196,Khúc xương nhựa (HK),Cái,
HĐCXXX1013,497655585824197,Banh ĐC màu chuông,Cái,
DTP1002,89938534079607,AA-Vicom - 500ml,Chai,
HĐTDTP1001,8935074624673,BIO-LACTATED RINGER'S - 500ml/chai,Chai,
HĐTDTP1002,8935074613219,BIO-GLUCOSE 5% - 500ml/chai,Chai,
HĐTDTP1003,8935020321366,"Sinh lý mặn (NaCl 0,9%)_500ml_Chai",Chai,
HĐTDTP1004,497655585824028,AA-Vicom - 500ml,Chai,
HĐTDTP1005,497655585824084,"Normal Saline (NaCl 0,9%) 500ml_Chai",Chai,
HĐTHTR1001,8936221910359,Pimolife 2.5mg,Viên,
HĐTHTR1001,497655585823765,,Hộp,
HĐTHTR1002,8936221910366,Pimolife 5mg,Viên,
HĐTHTR1002,497655585823766,,Hộp,
HĐTHTR1003,497655585823314,PREVICOXDOG 57MG,Viên,
HĐTHTR1003,497655585823768,,Hộp,
HĐTHTR1004,8859133900679,TA bổ sung Dr. Petz Iromin,Viên,
HĐTHTR1004,497655585823770,,Hộp,
HĐTHTR1005,497655585824011,TABS Hepatotab,Viên,
HĐTHTR1005,8857121047634,,Hộp,
HĐTHTR1006,497655585824294,HTĐT Ung thư IPETS (60V),Viên,
HĐTHTR1006,497655585824295,,Lọ,
HĐTHTR2001,497655585823280,BIO-VITAMIN B1+B6+B12 - 50ml/lọ,ml,
HĐTHTR2001,497655585823749,,Lọ,
HĐTHTR2002,497655585823290,Catosal (Exp- Vn) 100Ml,ml,
HĐTHTR2002,497655585823751,,Chai,
HĐTHTR2003,497655585823294,Hisanti 100ml,ml,
HĐTHTR2003,497655585823757,,Chai,
HĐTHTR2004,497655585823295,BIO-BROMHEXINE,ml,
HĐTHTR2004,497655585823742,,Lọ,
HĐTHTR2005,497655585823296,Eucalyptyl 100ml/chai,ml,
HĐTHTR2005,497655585823756,,Chai,
HĐTHTR2006,497655585823299,Biotin 2Ml ( 5 Ống/Hộp),Ống,
HĐTHTR2006,497655585823748,,Hộp,
HĐTHTR2007,497655585823300,Lesthionin C- 100ml,ml,
HĐTHTR2007,497655585823760,,Chai,
HĐTHTR2008,497655585823301,Bio-Calcium 100Cc,ml,
HĐTHTR2008,497655585823743,,Lọ,
HĐTHTR2009,497655585823302,Super Amino-C 100ml,ml,
HĐTHTR2009,497655585823769,,Lọ,
HĐTHTR2010,497655585823304,NK - HOLLAND - VITOL 140 100ML,ml,
HĐTHTR2010,497655585823763,,Chai,
HĐTHTR2011,497655585823075,Alpha chysin (TAL0187)-20ml,ml,
HĐTHTR2011,497655585823346,,Lọ,
HĐTHTR2012,8935020324770,Furovet_100ml_Chai,ml,
HĐTHTR2012,497655585823396,,Chai,
HĐTHTR2013,497655585823312,BIO-VITAMIN K - 100ml/lọ,ml,
HĐTHTR2013,497655585823750,,Lọ,
HĐTHTR2014,497655585823317,Progesterone 2ml,Ống,
HĐTHTR2015,497655585824045,Bio-Atropin 100Cc,ml,
HĐTHTR2015,497655585824046,,Lọ,
TAN2057,8936047719310,Pet - ATP 3+ - KLT 600mg (4 vỉ x 10 Viên),Viên,
TAN2057,497655585823541,,Hộp,
TCN1000,9557837004690,Oxytocin_2ml_Ống,Ống,
TCN1011,8936047717323,B12-ATP - Hộp 6 lọ 5ml,ml,
TCN1011,497655585823347,,Lọ,
TCN1012,89938534079459,BIO-HEPATOL + B12 INJ-100ml/lọ,ml,
TCN1013,89938534079606,TABS RenoVet,Viên,
TCN1013,497655585823587,,Hộp,
TCN1014,9346781000015,TA Omega 3 _ 90 viên (VetActiv8 Omega 3),Viên,
TCN1014,497655585823586,,Hộp,
TCN1015,9346781202044,TA hỗ trợ sức khỏe 30ml (VetActiv8 Joint Care Medistrength),ml,
TCN1015,497655585823637,,Chai,
TCN1042,497655585823074,Hen.INJ - Hộp 6 lọ 5ml,ml,
TCN1042,497655585823410,,Hộp,
TCN1061,8935074619556,BIO-VIT PLUS - 5g/gói,Gói,
TCN2000,8935020335639,"DOCA Lyte_6,8g_Gói(Pet) GOI",Gói,
TCN2005,8935020327450,Bromhexine Oral_30ml_Chai(Pets),Chai,
TCN2007,8935020327177,Seasal Drop_100ml+Nano Drop_10ml_Cặp,Cặp,
TCN2014,8935074619549,BIOTIC - 5g/Gói,Gói,
TCN2023,3597133094671,CALCI DELICE,Viên,
TCN2023,497655585823370,,Hộp,
TCN2025,8936047717163,Pet Liver - KLT 350mg (4 vỉ x 10 Viên),Viên,
TCN2025,497655585823542,,Hộp,
TCN2026,893604717484,Pet Nutribio - KLT 300mg (4 vỉ x 10 Viên),Viên,
TCN2026,497655585823543,,Hộp,
TCN2031,9556106500212,TABS - Urajiron (60V),Viên,
TCN2031,497655585823576,,Lọ,
TCN2033,020279996224,TA Calcium Phosphorus 50V,Viên,
TCN2033,497655585823589,,Chai,
TCN2041,9557837004715,TA chăn nuôi bổ sung Dr. Petz Oderm S,Viên,
TCN2041,497655585823594,,Hộp,
TCN2043,89938534079435,"Mỡ kẽm oxyd, 100g",Lọ,
TCN2045,89938534079461,Uri shield (Cat)_(6 viên/vĩ- hộp 2 vĩ),Viên,
TCN2045,497655585823739,,Hộp,
TCN2050,89938534079521,Uri shield (Dog)_(6 viên/vĩ- hộp 2 vĩ),Viên,
TCN2050,497655585823740,,Hộp,
TCN2056,8859133900655,TA chăn nuôi bổ sung Dr. Petz Oderm,Viên,
TCN2056,497655585823593,,Hộp,
TCN2057,8859133900686,TA chăn nuôi bổ sung Dr. Petz Liv-Von,Viên,
TCN2058,8859133900693,TA chăn nuôi bổ sung Dr. Petz Nephrogard,Viên,
TCN2058,497655585823592,,Hộp,
TCN2068,8935074629050,BIO-FEATHER CARE - 5g/gói,Gói,
TCN2069,9557837001560,TA Super Multi with Glucosamine 60V,Viên,
TCN2069,497655585823671,,Hộp,
TCN2073,497655585822857,Immune - Herb (TIM0019) - 50 viên/lọ,Viên,
TCN2073,497655585823411,,Lọ,
TCN2083,497655585823122,BIOTIN (20g/hộp),Viên,
TCN2083,497655585823369,,Hộp,
TCN2084,497655585823123,TABS - B.COMPLEX - C (Hộp/15g),Viên,
TCN2084,497655585823575,,Hộp,
TCN2085,497655585823124,Thuốc Thú Y - BROM MAX (Hộp/15g),Viên,
TCN2085,497655585823735,,Hộp,
TKS2018,497655585822854,Inflamine (TIN0015) - 100v/lọ,Viên,
TKS2018,497655585823413,,Lọ,
TKS2019,497655585822855,S' Derm care (TSD0001)-20g,Tuýp,
HĐTKCB0000,497655585823787,Ampu giúp thở nhỏ - TQ,Cái,
HĐTTGĐ2002,497655585824047,Lindocain 2% 100mL,ml,
HĐTTGĐ2002,497655585824048,,Lọ,
THT1004,8935020324978,Lindocain 5ml Chai,ml,
HĐTTGV3001,087219034712,THUỐC THÚ Y - REVOLUTION (SELAMECTIN 60MG/ML) (0.25ML),Tuýp,
HĐTTGV3002,8935020321670,Vime-Frondog_250ml_Chai,Chai,
TGV2038,sanpet,Sanpet,Viên,
TGV2044,497655585822989,"Thuốc Caniverm forte tablets (Caniverm tbl. 0,7 g)",Viên,
TGV2044,497655585823737,,Hộp,
TGV2045,497655585822990,"Thuốc CANIVERM mite tablets (Caniverm tbl. 0,175g)",Viên,
TGV2045,497655585823738,,Hộp,
TGV3009,89938534079444,FRONTLINE 100ml,Chai,
TGV3010,8935074653017,BIO-FINIL - 100ml,Chai,
THT1000,9557837004670,Vime-LAZIN_20ml_Chai,Chai,
THT1001,3597133078770,ZOLETIL 50,Lọ,
TKS3004,8935020323094,Micona spray_100ml_Chai,Chai,
TKS3008,9556106500253,Thuốc Itanomyl - 10 gm,Tuýp,
TKS3012,8936047718276,Flucasol - 5ml,Chai,
TKS3013,8594004856036,Thuốc thú y Biopirox 10 mg/ml,Chai,
TKS3016,8938541565738,Xịt trị nấm viêm da thú cưng 50ml,Chai,
B-101,8935074652638,BIO-GENTADROP - 10ml/lọ,Chai,
B-102,8935074626714,BIO-GENTAZOL - 10ml/lọ,Lọ,
HĐTTKS1001,8935020350564,Azisol Oral_20ml/4.5g_Chai,Chai,
HĐTTKS1002,8935020300293,Marbovitryl FD-10viên/Hộp(20mg/V),Viên,
HĐTTKS1002,497655585824022,,Hộp,
HĐTTKS1003,9557837004671-,Respicure_10viên/Hộp(50mg/v),Viên,
HĐTTKS1003,4976555858236632,,Hộp,
HĐTTKS1004,9557837004672-,Respicure_60viên/Chai(100mg/v),Viên,
HĐTTKS1004,4976555858236633,,Hộp,
HĐTTKS1005,8935020300330-,Clamox Tab_10viên/Hộp,Viên,
HĐTTKS1006,8935020300477-,Clamox Tab_20viên/Hộp(50mg/viên),Viên,
HĐTTKS1006,4976555858236634,,Hộp,
HĐTTKS2001,497655585823285,BIO-SEPTRYL 24% - 100ml/lọ,ml,
HĐTTKS2001,497655585823746,,Lọ,
HĐTTKS2002,497655585823297,Interspectin L - 100ml,ml,
HĐTTKS2002,497655585823758,,Chai,
HĐTTKS2003,497655585823298,Bio-Linco,ml,
HĐTTKS2003,497655585823745,,Lọ,
HĐTTKS2004,497655585823303,PENICILLIN POTASSIUM,Lọ,
HĐTTKS2004,497655585823764,,Hộp,
HĐTTKS2005,497655585823305,Bio-Sone,ml,
HĐTTKS2005,497655585823747,,Chai,
HĐTTKS2006,8935020326682-,Marbovitryl 20ml Chai(pets),ml,
HĐTTKS3001,8936221912063,Liora 10ml,Chai,
HĐTTKS3002,8935020310575,Genazol_20g_Tube(pets),Tuýp,
HĐTTKS3003,8935020325609,Genta 30_10ml_Chai(pets),Chai,
R01,9557837004672,Respicure_60viên/Chai(100mg/v),Viên,
R01,497655585823553,,Hộp,
TD-101,89938534079450,Thuốc Docanate - 10ml,Chai,
TKS1000,9556106500208,CEFALONG_10viên/Hộp,Viên,
TKS1000,497655585823373,,Hộp,
TKS1001,8935020322349,Marbovitryl 500 100ml Chai,ml,
TKS1004,497655585822845,Ceptrisul 2.06g+DD pha 9ml_Lọ(cặp)_Pet,Lọ,
TKS1011,9557837004664,EL300004 - BAYTRIL 1X10,Viên,
TKS1011,497655585823387,,Hộp,
TKS1016,8935074607690,BIO-LINCO-S - 20ml/lọ,Lo,
TKS1017,8801334287035,Baytril 5% Inj-100Ml Bottle,ml,
TKS1021,89938534079962,BIO-CEFOMEXIN (1g)-10ml/lọ,ml,
TKS1022,8935020326682,Marbovitryl 20ml Chai(pets),ml,
TKS1026,497655585823077,Vicox-Toltra (Suspension)_20ml_Chai,Chai,
TKS1105,89938534079608,Clamoxcin-50ml,ml,
TKS2000,893502030029,Marbovitryl FD-10viên/Hộp(20mg/V),Viên,
TKS2000,497655585823443,,Hộp,
TKS2001,9557837004671,Respicure_10viên/Hộp(50mg/v),Viên,
TKS2001,497655585823552,,Hộp,
TKS2004,8935020350212,Pet Amox Plus 3g Oral_20ml/3g_Chai,Chai,
TKS2006,893502035056,Azisol Oral_20ml/4.5g_Chai,Chai,
TKS2012,8935074619563,BIO-SCOUR W.S.P - 5g/gói,Gói,
TKS2014,9557837004661,LIXEN TABLETS PALATABS FOR ORAL USE,Viên,
TKS2014,497655585823441,,Hộp,
TKS2014,497655585823442,,Vỉ,
TKS2015,8935020300330,Clamox Tab_10viên/Hộp,Viên,
TKS2015,497655585823374,,Hộp,
TKS2016,8935020300477,Clamox Tab_20viên/Hộp(50mg/viên),Viên,
TKS2016,497655585823375,,Hộp,
TKS3001,8935020326422,Thuốc Nhỏ Tai_10ml_Chai,Chai,
TKS3003,8935020333000,Anti-Derm_40g_Tube,Tuýp,
TKS3005,8936221911059,Ear sol_10g_tube,Tuýp,
TKS3010,9556106500252,Thuốc Dipomax-J - 20 gm,Tuýp,
TKS3011,89938534079440,EASOTIC 10ML,Lọ,
TKS3014,89938534079890,Thuốc Nokodermaseb - 50 ml,Chai,
TKS3015,89938534079960,Thuốc Modern Teracin 3.5 g,Tuýp,
HĐTTKV2001,497655585823292,BIO-DEXA - 100ml/lọ,ml,
HĐTTKV2001,497655585823744,,Chai,
HĐTTKV2002,497655585823293,Bio-Anazine,ml,
HĐTTKV2002,497655585823741,,Lọ,
HĐTTKV2003,497655585823306,Chymosin 100Ml,ml,
HĐTTKV2003,497655585823752,,Chai,
HĐTTKV2004,497655585823307,Ketovet 5%_100ml_Chai,ml,
HĐTTKV2004,497655585823759,,Chai,
HĐTTKV2005,497655585823308,Preso_100ml_Chai,ml,
HĐTTKV2005,497655585823767,,Chai,
TKS1006,8935020325333,Loxic for Dog_10ml_Chai,Chai,
TKS2002,8935020327818,Loxic Oral for Pet_20ml_Chai,Chai,
TKS2020,497655585822856,Dosone (TDO0269)-100v/lọ,Viên,
TKS2020,497655585823383,,Lọ,
TKS2022,497655585823125,Melocid 15g/hộp,Viên,
TKS2022,497655585823445,,Hộp,
TCN1006,khangthe,HANVET K.T.DOG Care-Par 3ml- Kháng thể,Lọ,
HHCXNM1001,497655585823248,"Dung dịch pha loãng V-52D Diluent, 5.5L (Mindray)",ml,
HHCXNM1001,497655585823755,,Can,
HHCXNM1002,497655585823249,105-002225-00 Probe cleanser 50ml (Mindray),ml,
HHCXNM1003,497655585823250,"Dung dịch phá hồng cầu V-52 Diff Lyse,300ml (Mindray)",ml,
HHCXNM1003,497655585823753,,Chai,
HHCXNM1004,497655585823251,"Dung dịch phá hồng cầu V-52LH Lyse,90ml (Mindray)",ml,
HHCXNM1004,497655585823754,,Lọ,
HKSĐAc0000,497655585823874,Amoxicillin/clavulanic acid 20/10µg (Ac),Đĩa,
HKSĐAc0000,497655585823875,,Lọ,
HKSĐAk0000,497655585823866,Amikacin 30µg (Ak),Đĩa,
HKSĐAk0000,497655585823867,,Lọ,
HKSĐAs0000,497655585823872,Ampicillin/sulbactam 10/10µg (As),Đĩa,
HKSĐAs0000,497655585823873,,Lọ,
HKSĐAz0000,497655585823864,Azithromycin 15µg   (Az),Đĩa,
HKSĐAz0000,497655585823865,,Lọ,
HKSĐBt0000,497655585823870,"Trimethoprime/Sufamethoxazole 23,75/1,25ug (Bt)",Đĩa,
HKSĐBt0000,497655585823871,,Lọ,
HKSĐCi0000,497655585823848,Ciprofloxacin 5µg (Ci),Đĩa,
HKSĐCi0000,497655585823849,,Lọ,
HKSĐCp0000,497655585823844,Cephalexin 30µg (Cp),Đĩa,
HKSĐCp0000,497655585823845,,Lọ,
HKSĐCs0000,497655585823896,Cefoperazone/sulbactam 75/10µg (Cs),Đĩa,
HKSĐCs0000,497655585823897,,Lọ,
HKSĐCt0000,497655585823878,Cefotaxime 30ug (Ct),Đĩa,
HKSĐCt0000,497655585823879,,Lọ,
HKSĐCx0000,497655585823846,Ceftriaxone 30µg (Cx),Đĩa,
HKSĐCx0000,497655585823847,,Lọ,
HKSĐDx0000,497655585823858,Doxycycline 30ug (Dx),Đĩa,
HKSĐDx0000,497655585823859,,Lọ,
HKSĐEf0000,497655585823860,Enrofloxacin 5µg (Ef),Đĩa,
HKSĐEf0000,497655585823861,,Lọ,
HKSĐFr0000,497655585823890,Nitrofurantoin 300µg (Fr),Đĩa,
HKSĐFr0000,497655585823891,,Lọ,
HKSĐIm0000,497655585823880,Imipenem 10µg (Im),Đĩa,
HKSĐIm0000,497655585823881,,Lọ,
HKSĐLi0000,497655585823852,Linezolid 30µg (Li),Đĩa,
HKSĐLi0000,497655585823853,,Lọ,
HKSĐLv0000,497655585823850,Levofloxacin 5µg (Lv),Đĩa,
HKSĐLv0000,497655585823851,,Lọ,
HKSĐMa0000,497655585823862,Marbofloxacin 5µg (Ma),Đĩa,
HKSĐMa0000,497655585823863,,Lọ,
HKSĐMC0000,497655585823898,Máu Cừu,ml,
HKSĐMC0000,497655585823899,,Chai,
HKSĐMe0000,497655585823876,Meropenem 10µg (Me),Đĩa,
HKSĐMe0000,497655585823877,,Lọ,
HKSĐNl0000,497655585823882,Netilmicin 30µg (Nl),Đĩa,
HKSĐNl0000,497655585823883,,Lọ,
HKSĐNr0000,497655585823886,Norfloxacin 10µg (Nr),Đĩa,
HKSĐNr0000,497655585823887,,Lọ,
HKSĐOf0000,497655585823888,Ofloxacin 5µg (Of),Đĩa,
HKSĐOf0000,497655585823889,,Lọ,
HKSĐPt0000,497655585823894,Piperacillin/tazobactam 100/10µg (Pt),Đĩa,
HKSĐPt0000,497655585823895,,Lọ,
HKSĐRf0000,497655585823884,Rifampicin 5µg (Rf),Đĩa,
HKSĐRf0000,497655585823885,,Lọ,
HKSĐTb0000,497655585823854,Tobramycin 10µg (Tb),Đĩa,
HKSĐTb0000,497655585823855,,Lọ,
HKSĐTc0000,497655585823892,Ticarcillin/clavulanic acid 75/10µg (Tc),Đĩa,
HKSĐTc0000,497655585823893,,Lọ,
HKSĐTe0000,497655585823856,Tetracycline 30ug (Te),Đĩa,
HKSĐTe0000,497655585823857,,Lọ,
HKSĐVa0000,497655585823868,Vancomycin 30µg (Va),Đĩa,
HKSĐVa0000,497655585823869,,Lọ,
HPKAQU1006,497655585824093,Áo nón phối tay thêu hoạt hình,Cái,
HPKAQU1006-00,497655585824201,Áo nón phối tay thêu hoạt hình size 00,Cái,
HPKAQU1006-01,497655585824094,Áo nón phối tay thêu hoạt hình Size 01,Cái,
HPKAQU1006-02,497655585824097,Áo nón phối tay thêu hoạt hình size 02,Cái,
HPKAQU1006-03,497655585824095,Áo nón phối tay thêu hoạt hình Size 03,Cái,
HPKAQU1006-04,497655585824098,Áo nón phối tay thêu hoạt hình size 04,Cái,
HPKAQU1006-05,497655585824096,Áo nón phối tay thêu hoạt hình Size 05,Cái,
HPKAQU1006-06,497655585824202,Áo nón phối tay thêu hoạt hình size 06,Cái,
HPKAQU1006-07,497655585824203,Áo nón phối tay thêu hoạt hình size 07,Cái,
HPKAQU1006-08,497655585824204,Áo nón phối tay thêu hoạt hình size 08,Cái,
HPKAQU1006-09,497655585824099,Áo nón phối tay thêu hoạt hình size 09,Cái,
HPKAQU1006-10,497655585824290,Áo nón phối tay thêu hoạt hình size 10,Cái,
HPKAQU1007,497655585824100,Áo gấu cổ V,Cái,
HPKAQU1007-00,497655585824268,Áo gấu cổ V size 00,Cái,
HPKAQU1007-01,497655585824101,Áo gấu cổ V Size 01,Cái,
HPKAQU1007-02,497655585824269,Áo gấu cổ V size 02,Cái,
HPKAQU1007-03,497655585824102,Áo gấu cổ V Size 03,Cái,
HPKAQU1007-04,497655585824270,Áo gấu cổ V size 04,Cái,
HPKAQU1007-05,497655585824103,Áo gấu cổ V Size 05,Cái,
HPKAQU1007-06,497655585824271,Áo gấu cổ V size 06,Cái,
HPKAQU1007-07,497655585824105,Áo gấu cổ V size 07,Cái,
HPKAQU1007-08,497655585824272,Áo gấu cổ V size 08,Cái,
HPKAQU1007-09,497655585824104,Áo gấu cổ V size 09,Cái,
HPKAQU1007-10,497655585824106,Áo gấu cổ V size 10,Cái,
HPKAQU1008,497655585824107,Áo địu gấu,Cái,
HPKAQU1008-00,497655585824240,Áo địu gấu size 00,Cái,
HPKAQU1008-01,497655585824241,Áo địu gấu size 01,Cái,
HPKAQU1008-02,497655585824242,Áo địu gấu size 02,Cái,
HPKAQU1008-03,497655585824243,Áo địu gấu size 03,Cái,
HPKAQU1008-04,497655585824244,Áo địu gấu size 04,Cái,
HPKAQU1008-05,497655585824212,Áo địu gấu size 05,Cái,
HPKAQU1008-06,497655585824245,Áo địu gấu size 06,Cái,
HPKAQU1008-07,497655585824246,Áo địu gấu size 07,Cái,
HPKAQU1008-08,497655585824109,Áo địu gấu size 08,Cái,
HPKAQU1008-09,497655585824247,Áo địu gấu size 09,Cái,
HPKAQU1008-10,497655585824110,Áo địu gấu size 10,Cái,
HPKAQU1008-11,497655585824108,Áo địu gấu Size 11,Cái,
HPKAQU1008-12,497655585824111,Áo địu gấu size 12,Cái,
HPKAQU1008-13,497655585824112,Áo địu gấu size 13,Cái,
HPKAQU1008-14,497655585824113,Áo địu gấu size 14,Cái,
HPKAQU1008-15,497655585824114,Áo địu gấu size 15,Cái,
HPKAQU1009,497655585824115,Áo thể thao,Cái,
HPKAQU1009-00,497655585824122,Áo thể thao size 00,Cái,
HPKAQU1009-05,497655585824206,Áo thể thao size 05,Cái,
HPKAQU1009-06,497655585824123,Áo thể thao size 06,Cái,
HPKAQU1009-07,497655585824124,Áo thể thao size 07,Cái,
HPKAQU1009-08,497655585824117,Áo thể thao size 08,Cái,
HPKAQU1009-09,497655585824207,Áo thể thao size 09,Cái,
HPKAQU1009-10,497655585824208,Áo thể thao size 10,Cái,
HPKAQU1009-11,497655585824116,Áo thể thao Size 11,Cái,
HPKAQU1009-12,497655585824118,Áo thể thao size 12,Cái,
HPKAQU1009-13,497655585824119,Áo thể thao size 13,Cái,
HPKAQU1009-14,497655585824120,Áo thể thao size 14,Cái,
HPKAQU1009-15,497655585824121,Áo thể thao size 15,Cái,
HPKAQU1010,497655585824125,Áo lưới Lovely,Cái,
HPKAQU1010-00,497655585824128,Áo lưới Lovely size 00,Cái,
HPKAQU1010-01,497655585824248,Áo lưới Lovely size 01,Cái,
HPKAQU1010-02,497655585824127,Áo lưới Lovely size 02,Cái,
HPKAQU1010-03,497655585824249,Áo lưới Lovely size 03,Cái,
HPKAQU1010-04,497655585824250,Áo lưới Lovely size 04,Cái,
HPKAQU1010-05,497655585824126,Áo lưới Lovely Size 05,Cái,
HPKAQU1010-06,497655585824129,Áo lưới Lovely size 06,Cái,
HPKAQU1010-07,497655585824130,Áo lưới Lovely Size 07,Cái,
HPKAQU1010-08,497655585824251,Áo lưới Lovely size 08,Cái,
HPKAQU1010-09,497655585824252,Áo lưới Lovely size 09,Cái,
HPKAQU1010-10,497655585824131,Áo lưới Lovely size 10,Cái,
HPKAQU1010-11,497655585824132,Áo lưới Lovely size 11,Cái,
HPKAQU1010-12,497655585824253,Áo lưới Lovely size 12,Cái,
HPKAQU1010-13,497655585824211,Áo lưới Lovely size 13,Cái,
HPKAQU1010-14,497655585824254,Áo lưới Lovely size 14,Cái,
HPKAQU1010-15,497655585824255,Áo lưới Lovely size 15,Cái,
HPKAQU1011,497655585824133,Áo Capybara,Cái,
HPKAQU1011-00,497655585824140,Áo Capybara size 00,Cái,
HPKAQU1011-01,497655585824142,Áo Capybara size 01,Cái,
HPKAQU1011-02,497655585824143,Áo Capybara size 02,Cái,
HPKAQU1011-03,497655585824144,Áo Capybara size 03,Cái,
HPKAQU1011-04,497655585824145,Áo Capybara size 04,Cái,
HPKAQU1011-05,497655585824146,Áo Capybara size 05,Cái,
HPKAQU1011-06,497655585824141,Áo Capybara size 06,Cái,
HPKAQU1011-07,497655585824210,Áo Capybara size 07,Cái,
HPKAQU1011-08,497655585824135,Áo Capybara size 08,Cái,
HPKAQU1011-09,497655585824147,Áo Capybara size 09,Cái,
HPKAQU1011-10,497655585824148,Áo Capybara size 10,Cái,
HPKAQU1011-11,497655585824134,Áo Capybara Size 11,Cái,
HPKAQU1011-12,497655585824136,Áo Capybara size 12,Cái,
HPKAQU1011-13,497655585824137,Áo Capybara size 13,Cái,
HPKAQU1011-14,497655585824138,Áo Capybara size 14,Cái,
HPKAQU1011-15,497655585824139,Áo Capybara size 15,Cái,
HPKAQU1012,497655585824149,Áo chống liếm cổ sen,Cái,
HPKAQU1012-02,497655585824151,Áo chống liếm cổ sen size 02,Cái,
HPKAQU1012-04,497655585824152,Áo chống liếm cổ sen size 04,Cái,
HPKAQU1012-06,497655585824150,Áo chống liếm cổ sen size 06,Cái,
HPKAQU1012-08,497655585824205,Áo chống liếm cổ sen size 08,Cái,
HPKAQU1013,497655585824213,Áo Thỏ Xinh,Cái,
HPKAQU1013-00,497655585824214,Áo Thỏ Xinh size 00,Cái,
HPKAQU1013-01,497655585824215,Áo Thỏ Xinh size 01,Cái,
HPKAQU1013-02,497655585824216,Áo Thỏ Xinh size 02,Cái,
HPKAQU1013-03,497655585824217,Áo Thỏ Xinh size 03,Cái,
HPKAQU1013-04,497655585824218,Áo Thỏ Xinh size 04,Cái,
HPKAQU1013-05,497655585824219,Áo Thỏ Xinh size 05,Cái,
HPKAQU1013-06,497655585824220,Áo Thỏ Xinh size 06,Cái,
HPKAQU1013-07,497655585824221,Áo Thỏ Xinh size 07,Cái,
HPKAQU1013-08,497655585824222,Áo Thỏ Xinh size 08,Cái,
HPKAQU1013-09,497655585824223,Áo Thỏ Xinh size 09,Cái,
HPKAQU1013-10,497655585824224,Áo Thỏ Xinh size 10,Cái,
HPKAQU1014,497655585824225,Áo Body BabyDog,Cái,
HPKAQU1014-00,497655585824226,Áo Body BabyDog size 00,Cái,
HPKAQU1014-01,497655585824227,Áo Body BabyDog size 01,Cái,
HPKAQU1014-02,497655585824228,Áo Body BabyDog size 02,Cái,
HPKAQU1014-03,497655585824229,Áo Body BabyDog size 03,Cái,
HPKAQU1014-04,497655585824230,Áo Body BabyDog size 04,Cái,
HPKAQU1014-05,497655585824231,Áo Body BabyDog size 05,Cái,
HPKAQU1014-06,497655585824232,Áo Body BabyDog size 06,Cái,
HPKAQU1014-07,497655585824233,Áo Body BabyDog size 07,Cái,
HPKAQU1014-08,497655585824234,Áo Body BabyDog size 08,Cái,
HPKAQU1014-09,497655585824235,Áo Body BabyDog size 09,Cái,
HPKAQU1014-10,497655585824236,Áo Body BabyDog size 10,Cái,
HPKAQU1015,497655585824256,Áo sát nách sọc cổ sen,Cái,
HPKAQU1015-00,497655585824257,Áo sát nách sọc cổ sen size 00,Cái,
HPKAQU1015-01,497655585824258,Áo sát nách sọc cổ sen size 01,Cái,
HPKAQU1015-02,497655585824259,Áo sát nách sọc cổ sen size 02,Cái,
HPKAQU1015-03,497655585824260,Áo sát nách sọc cổ sen size 03,Cái,
HPKAQU1015-04,497655585824261,Áo sát nách sọc cổ sen size 04,Cái,
HPKAQU1015-05,497655585824264,Áo sát nách sọc cổ sen size 05,Cái,
HPKAQU1015-06,497655585824262,Áo sát nách sọc cổ sen size 06,Cái,
HPKAQU1015-07,497655585824263,Áo sát nách sọc cổ sen size 07,Cái,
HPKAQU1015-08,497655585824265,Áo sát nách sọc cổ sen size 08,Cái,
HPKAQU1015-09,497655585824266,Áo sát nách sọc cổ sen size 09,Cái,
HPKAQU1015-10,497655585824267,Áo sát nách sọc cổ sen size 10,Cái,
HPKAQU1016,497655585824273,Áo Baby Nice,Cái,
HPKAQU1016-00,497655585824274,Áo Baby Nice size 00,Cái,
HPKAQU1016-01,497655585824275,Áo Baby Nice size 01,Cái,
HPKAQU1016-02,497655585824276,Áo Baby Nice size 02,Cái,
HPKAQU1016-03,497655585824277,Áo Baby Nice size 03,Cái,
HPKAQU1016-04,497655585824278,Áo Baby Nice size 04,Cái,
HPKAQU1016-05,497655585824279,Áo Baby Nice size 05,Cái,
HPKAQU1016-06,497655585824280,Áo Baby Nice size 06,Cái,
HPKAQU1016-07,497655585824281,Áo Baby Nice size 07,Cái,
HPKAQU1016-08,497655585824282,Áo Baby Nice size 08,Cái,
HPKAQU1016-09,497655585824283,Áo Baby Nice size 09,Cái,
HPKAQU1016-10,497655585824284,Áo Baby Nice size 10,Cái,
HPKAQU1016-11,497655585824285,Áo Baby Nice size 11,Cái,
HPKAQU1016-12,497655585824286,Áo Baby Nice size 12,Cái,
HPKAQU1016-13,497655585824287,Áo Baby Nice size 13,Cái,
HPKAQU1016-14,497655585824288,Áo Baby Nice size 14,Cái,
HPKAQU1016-15,497655585824289,Áo Baby Nice size 15,Cái,
HPKAQU1017,497655585824303,Áo sát nách Chubby,Cái,
HPKAQU1017-00,497655585824304,Áo sát nách Chubby size 00,Cái,
HPKAQU1017-01,497655585824305,Áo sát nách Chubby size 01,Cái,
HPKAQU1017-02,497655585824306,Áo sát nách Chubby size 02,Cái,
HPKAQU1017-03,497655585824307,Áo sát nách Chubby size 03,Cái,
HPKAQU1017-04,497655585824308,Áo sát nách Chubby size 04,Cái,
HPKAQU1017-05,497655585824309,Áo sát nách Chubby size 05,Cái,
HPKAQU1017-06,497655585824310,Áo sát nách Chubby size 06,Cái,
HPKAQU1017-07,497655585824311,Áo sát nách Chubby size 07,Cái,
HPKAQU1017-08,497655585824312,Áo sát nách Chubby size 08,Cái,
HPKAQU1017-09,497655585824313,Áo sát nách Chubby size 09,Cái,
HPKAQU1017-10,497655585824314,Áo sát nách Chubby size 10,Cái,
HPKAQU1018,497655585824315,Đầm tiểu thư,Cái,
HPKAQU1018-00,497655585824316,Đầm tiểu thư size 00,Cái,
HPKAQU1018-01,497655585824317,Đầm tiểu thư size 01,Cái,
HPKAQU1018-02,497655585824318,Đầm tiểu thư size 02,Cái,
HPKAQU1018-03,497655585824319,Đầm tiểu thư size 03,Cái,
HPKAQU1018-04,497655585824320,Đầm tiểu thư size 04,Cái,
HPKAQU1018-05,497655585824321,Đầm tiểu thư size 05,Cái,
HPKAQU1018-06,497655585824322,Đầm tiểu thư size 06,Cái,
HPKAQU1018-07,497655585824323,Đầm tiểu thư size 07,Cái,
HPKAQU1018-08,497655585824324,Đầm tiểu thư size 08,Cái,
HPKAQU1018-09,497655585824325,Đầm tiểu thư size 09,Cái,
HPKAQU1018-10,497655585824326,Đầm tiểu thư size 10,Cái,
HPKAQU1019,497655585824327,Đầm da beo,Cái,
HPKAQU1019-00,497655585824328,Đầm da beo size 00,Cái,
HPKAQU1019-01,497655585824329,Đầm da beo size 01,Cái,
HPKAQU1019-02,497655585824330,Đầm da beo size 02,Cái,
HPKAQU1019-03,497655585824331,Đầm da beo size 03,Cái,
HPKAQU1019-04,497655585824332,Đầm da beo size 04,Cái,
HPKAQU1019-05,497655585824333,Đầm da beo size 05,Cái,
HPKAQU1019-06,497655585824334,Đầm da beo size 06,Cái,
HPKAQU1019-07,497655585824335,Đầm da beo size 07,Cái,
HPKAQU1019-08,497655585824336,Đầm da beo size 08,Cái,
HPKAQU1019-09,497655585824337,Đầm da beo size 09,Cái,
HPKAQU1019-10,497655585824343,Đầm da beo size 10,Cái,
HPKAQU1019-11,497655585824338,Đầm da beo size 11,Cái,
HPKAQU1019-12,497655585824339,Đầm da beo size 12,Cái,
HPKAQU1019-13,497655585824340,Đầm da beo size 13,Cái,
HPKAQU1019-14,497655585824341,Đầm da beo size 14,Cái,
HPKAQU1019-15,497655585824342,Đầm da beo size 15,Cái,
HPKAQU1020,497655585824344,Áo có tay hình thú,Cái,
HPKAQU1020-00,497655585824345,Áo có tay hình thú size 00,Cái,
HPKAQU1020-01,497655585824346,Áo có tay hình thú size 01,Cái,
HPKAQU1020-02,497655585824347,Áo có tay hình thú size 02,Cái,
HPKAQU1020-03,497655585824348,Áo có tay hình thú size 03,Cái,
HPKAQU1020-04,497655585824349,Áo có tay hình thú size 04,Cái,
HPKAQU1020-06,497655585824350,Áo có tay hình thú size 06,Cái,
HPKAQU1020-07,497655585824351,Áo có tay hình thú size 07,Cái,
HPKAQU1020-08,497655585824352,Áo có tay hình thú size 08,Cái,
HPKAQU1020-09,497655585824353,Áo có tay hình thú size 09,Cái,
HPKAQU1020-10,497655585824354,Áo có tay hình thú size 10,Cái,
HPKAQU1021,497655585824355,Áo T-shirt Nice,Cái,
HPKAQU1021-01,497655585824356,Áo T-shirt Nice size 01,Cái,
HPKAQU1021-02,497655585824357,Áo T-shirt Nice size 02,Cái,
HPKAQU1021-06,497655585824358,Áo T-shirt Nice size 06,Cái,
HPKAQU1021-07,497655585824359,Áo T-shirt Nice size 07,Cái,
HPKAQU1021-08,497655585824360,Áo T-shirt Nice size 08,Cái,
HPKAQU1021-10,497655585824361,Áo T-shirt Nice size 10,Cái,
HPKAQU1021-14,497655585824362,Áo T-shirt Nice size 14,Cái,
HPKAQU1022,497655585824363,Áo gấu dâu,Cái,
HPKAQU1022-00,497655585824364,Áo gấu dâu size 00,Cái,
HPKAQU1022-01,497655585824365,Áo gấu dâu size 01,Cái,
HPKAQU1022-02,497655585824366,Áo gấu dâu size 02,Cái,
HPKAQU1022-03,497655585824367,Áo gấu dâu size 03,Cái,
HPKAQU1022-04,497655585824368,Áo gấu dâu size 04,Cái,
HPKAQU1022-05,497655585824373,Áo gấu dâu size 05,Cái,
HPKAQU1022-06,497655585824374,Áo gấu dâu size 06,Cái,
HPKAQU1022-07,497655585824369,Áo gấu dâu size 07,Cái,
HPKAQU1022-08,497655585824370,Áo gấu dâu size 08,Cái,
HPKAQU1022-09,497655585824371,Áo gấu dâu size 09,Cái,
HPKAQU1022-10,497655585824372,Áo gấu dâu size 10,Cái,
HPKAQU1022-11,497655585824375,Áo gấu dâu size 11,Cái,
HPKAQU1022-12,497655585824376,Áo gấu dâu size 12,Cái,
HPKAQU1022-13,497655585824377,Áo gấu dâu size 13,Cái,
HPKAQU1022-14,497655585824378,Áo gấu dâu size 14,Cái,
HPKAQU1022-15,497655585824379,Áo gấu dâu size 15,Cái,
HPKAQU1023,497655585824380,Áo cọp Xcute,Cái,
HPKAQU1023-00,497655585824381,Áo cọp Xcute size 00,Cái,
HPKAQU1023-01,497655585824382,Áo cọp Xcute size 01,Cái,
HPKAQU1023-02,497655585824383,Áo cọp Xcute size 02,Cái,
HPKAQU1023-07,497655585824384,Áo cọp Xcute size 07,Cái,
HPKAQU1023-08,497655585824385,Áo cọp Xcute size 08,Cái,
HPKAQU1023-09,497655585824386,Áo cọp Xcute size 09,Cái,
HPKAQU1023-10,497655585824392,Áo cọp Xcute size 10,Cái,
HPKAQU1023-11,497655585824387,Áo cọp Xcute size 11,Cái,
HPKAQU1023-12,497655585824388,Áo cọp Xcute size 12,Cái,
HPKAQU1023-13,497655585824389,Áo cọp Xcute size 13,Cái,
HPKAQU1023-14,497655585824390,Áo cọp Xcute size 14,Cái,
HPKAQU1023-15,497655585824391,Áo cọp Xcute size 15,Cái,
HPKAQU1024,497655585824393,Áo chuột Xcute,Cái,
HPKAQU1024-04,497655585824394,Áo chuột Xcute size 04,Cái,
HPKAQU1024-05,497655585824395,Áo chuột Xcute size 05,Cái,
HPKAQU1025,4976555858236687,Áo sọc thêu hoạt hình,Cái,
HPKAQU1025-01,4976555858236688,Áo sọc thêu hoạt hình size 01,Cái,
HPKAQU1025-02,4976555858236689,Áo sọc thêu hoạt hình size 02,Cái,
HPKAQU1025-03,4976555858236690,Áo sọc thêu hoạt hình size 03,Cái,
HPKAQU1025-04,4976555858236691,Áo sọc thêu hoạt hình size 04,Cái,
HPKAQU1025-05,4976555858236692,Áo sọc thêu hoạt hình size 05,Cái,
HPKAQU1025-06,4976555858236693,Áo sọc thêu hoạt hình size 06,Cái,
HPKAQU1025-07,4976555858236694,Áo sọc thêu hoạt hình size 07,Cái,
HPKAQU1025-08,4976555858236695,Áo sọc thêu hoạt hình size 08,Cái,
HPKAQU1025-09,4976555858236696,Áo sọc thêu hoạt hình size 09,Cái,
HPKAQU1025-10,4976555858236697,Áo sọc thêu hoạt hình size 10,Cái,
HPKAQU1025-11,4976555858236698,Áo sọc thêu hoạt hình size 11,Cái,
HPKAQU1025-12,4976555858236699,Áo sọc thêu hoạt hình size 12,Cái,
HPKAQU1025-13,4976555858236700,Áo sọc thêu hoạt hình size 13,Cái,
HPKAQU1025-14,4976555858236701,Áo sọc thêu hoạt hình size 14,Cái,
HPKAQU1025-15,4976555858236702,Áo sọc thêu hoạt hình size 15,Cái,
HPKAQU1025-S,4976555858236703,Áo sọc thêu hoạt hình size S,Cái,
TTP1009,89938534079530,Áo kẻ sọc Bear size S,Cái,
TTP1010,89938534079531,Áo kẻ sọc Bear size 1,Cái,
TTP1011,89938534079532,Áo kẻ sọc Bear size 2,Cái,
TTP1012,89938534079533,Áo kẻ sọc Bear size 3,Cái,
TTP1013,89938534079534,Áo kẻ sọc Bear size 4,Cái,
TTP1014,89938534079535,Áo kẻ sọc Bear size 5,Cái,
TTP1015,89938534079536,Áo kẻ sọc Bear size 6,Cái,
TTP1016,89938534079537,Áo Hello Sunday size S,Cái,
TTP1017,89938534079538,Áo Hello Sunday size 1,Cái,
TTP1018,89938534079539,Áo Hello Sunday size 2,Cái,
TTP1019,89938534079540,Áo Hello Sunday size 3,Cái,
TTP1020,89938534079541,Áo Hello Sunday size 4,Cái,
TTP1021,89938534079542,Áo Hello Sunday size 5,Cái,
TTP1022,89938534079543,Áo Hello Sunday size 6,Cái,
TTP1039,89938534079560,Áo sát nách kẻ sọc Hello Bear size S,Cái,
TTP1040,89938534079561,Áo sát nách kẻ sọc Hello Bear size 1,Cái,
TTP1041,89938534079562,Áo sát nách kẻ sọc Hello Bear size 2,Cái,
TTP1042,89938534079563,Áo sát nách kẻ sọc Hello Bear size 3,Cái,
TTP1043,89938534079564,Áo sát nách kẻ sọc Hello Bear size 4,Cái,
TTP1044,89938534079565,Áo sát nách kẻ sọc Hello Bear size 5,Cái,
TTP1045,89938534079566,Áo sát nách kẻ sọc Hello Bear size 6,Cái,
TTP1046,89938534079567,Áo Capybara size S,Cái,
TTP1047,89938534079568,Áo Capybara size 1,Cái,
TTP1048,89938534079569,Áo Capybara size 2,Cái,
TTP1049,89938534079570,Áo Capybara size 3,Cái,
TTP1050,89938534079571,Áo Capybara size 4,Cái,
TTP1051,89938534079572,Áo Capybara size 5,Cái,
TTP1052,89938534079573,Áo Capybara size 6,Cái,
TTP1053,89938534079574,Áo thủy thủ tai gấu size S,Cái,
TTP1054,89938534079575,Áo thủy thủ tai gấu size 1,Cái,
TTP1055,89938534079576,Áo thủy thủ tai gấu size 2,Cái,
TTP1056,89938534079577,Áo thủy thủ tai gấu size 3,Cái,
TTP1057,89938534079578,Áo thủy thủ tai gấu size 4,Cái,
TTP1058,89938534079579,Áo thủy thủ tai gấu size 5,Cái,
TTP1059,89938534079580,Áo thủy thủ tai gấu size 6,Cái,
TTP1060,89938534079581,Áo sát nách sọc cổ sen size S,Cái,
TTP1061,89938534079582,Áo sát nách sọc cổ sen size 1,Cái,
TTP1062,89938534079583,Áo sát nách sọc cổ sen size 2,Cái,
TTP1063,89938534079584,Áo sát nách sọc cổ sen size 3,Cái,
TTP1064,89938534079585,Áo sát nách sọc cổ sen size 4,Cái,
TTP1065,89938534079586,Áo sát nách sọc cổ sen size 5,Cái,
TTP1066,89938534079587,Áo sát nách sọc cổ sen size 6,Cái,
TTP1067,89938534079588,Áo lưới 2 dây Yummy size S,Cái,
TTP1068,89938534079589,Áo lưới 2 dây Yummy size 1,Cái,
TTP1069,89938534079590,Áo lưới 2 dây Yummy size 2,Cái,
TTP1070,89938534079591,Áo lưới 2 dây Yummy size 3,Cái,
TTP1071,89938534079592,Áo lưới 2 dây Yummy size 4,Cái,
TTP1072,89938534079593,Áo lưới 2 dây Yummy size 5,Cái,
TTP1073,89938534079594,Áo lưới 2 dây Yummy size 6,Cái,
TTP1074,89938534079619,Áo cánh ong size 11,Cái,
TTP1075,89938534079620,Áo cánh ong size 12,Cái,
TTP1076,89938534079621,Áo cánh ong size 13,Cái,
TTP1077,89938534079622,Áo cánh ong size 14,Cái,
TTP1078,89938534079623,Áo cánh ong size 15,Cái,
TTP1079,89938534079624,Áo Hiphop size 11,Cái,
TTP1080,89938534079625,Áo Hiphop size 12,Cái,
TTP1081,89938534079626,Áo Hiphop size 13,Cái,
TTP1082,89938534079627,Áo Hiphop size 14,Cái,
TTP1083,89938534079628,Áo Hiphop size 15,Cái,
TTP1084,89938534079629,Áo Baby Dog size 11,Cái,
TTP1085,89938534079630,Áo Baby Dog size 12,Cái,
TTP1086,89938534079631,Áo Baby Dog size 13,Cái,
TTP1087,89938534079632,Áo Baby Dog size 14,Cái,
TTP1088,89938534079633,Áo Baby Dog size 15,Cái,
TTP1089,89938534079678,Áo kẻ sọc Bear size 11,Cái,
TTP1090,89938534079679,Áo kẻ sọc Bear size 12,Cái,
TTP1091,89938534079680,Áo kẻ sọc Bear size 13,Cái,
TTP1092,89938534079681,Áo kẻ sọc Bear size 14,Cái,
TTP1093,89938534079682,Áo kẻ sọc Bear size 15,Cái,
TTP1094,89938534079722,Áo lưới 2 dây Yummy size 11,Cái,
TTP1095,89938534079723,Áo lưới 2 dây Yummy size 12,Cái,
TTP1096,89938534079724,Áo lưới 2 dây Yummy size 13,Cái,
TTP1097,89938534079725,Áo lưới 2 dây Yummy size 14,Cái,
TTP1098,89938534079726,Áo lưới 2 dây Yummy size 15,Cái,
TTP1099,89938534079727,Áo nón phối tay thêu hoạt hình size 8,Cái,
TTP1100,89938534079728,Áo nón phối tay thêu hoạt hình size 9,Cái,
TTP1101,89938534079729,Áo nón phối tay thêu hoạt hình size 10,Cái,
TTP1102,89938534079733,Áo ba lỗ Phi mã,Cái,
TTP1103,89938534079734,Áo thun có tay Bia Heniken,Cái,
TTP1104,89938534079735,Áo ba lỗ tứ xắc,Cái,
TTP1105,89938534079736,Áo thun có tay Bia Tiger,Cái,
TTP1106,89938534079737,Áo thun có tay Bia Sài Gòn,Cái,
TTP1107,89938534079738,Áo ba lỗ bầu cua,Cái,
TTP1108,89938534079739,Áo ba lỗ lá bài,Cái,
TTP1109,89938534079740,Áo giấy gói quà,Cái,
TTP1110,89938534079741,Áo đi chùa Tâm Sen,Cái,
TTP1111,89938534079749,Áo đá banh Messi,Cái,
TTP1112,89938534079742,Áo kiểu Bà Ba,Cái,
TTP1113,89938534079743,Áo Mã đáo thành công,Cái,
TTP1114,89938534079744,Áo ba lỗ mèo thần tài,Cái,
TTP1115,89938534079745,Đầm trúc thọ,Cái,
TTP1116,89938534079746,Áo Gấm Thượng Hải size S,Cái,
TTP1117,89938534079747,Váy chi giao,Cái,
TTP1118,89938534079748,Áo đá banh Ronaldo,Cái,
TTP1119,89938534079751,Áo Baby Nice size 2,Cái,
TTP1120,89938534079752,Áo Baby Nice size 3,Cái,
TTP1121,89938534079753,Áo Baby Nice size 4,Cái,
TTP1122,89938534079754,Áo Baby Nice size 5,Cái,
TTP1123,89938534079755,Áo Baby Nice size 6,Cái,
TTP1124,89938534079756,Áo Baby Nice size 7,Cái,
TTP1125,89938534079757,Áo Baby Nice size 8,Cái,
TTP1126,89938534079758,Áo Baby Nice size 9,Cái,
TTP1127,89938534079759,Áo Baby Nice size 10,Cái,
TTP1128,89938534079760,Áo Baby Nice size 11,Cái,
TTP1129,89938534079761,Áo Cute Rabbit size S,Cái,
TTP1130,89938534079762,Áo Cute Rabbit size 1,Cái,
TTP1131,89938534079763,Áo Cute Rabbit size 2,Cái,
TTP1132,89938534079764,Áo Cute Rabbit size 3,Cái,
TTP1133,89938534079765,Áo Cute Rabbit size 4,Cái,
TTP1135,89938534079766,Áo Cute Rabbit size 5,Cái,
TTP1136,89938534079767,Áo Cute Rabbit size 6,Cái,
TTP1137,89938534079768,Áo Cute Rabbit size 7,Cái,
TTP1138,89938534079769,Áo Cute Rabbit size 8,Cái,
TTP1139,89938534079770,Áo Cute Rabbit size 9,Cái,
TTP1140,89938534079771,Áo Cute Rabbit size 10,Cái,
TTP1141,89938534079772,Áo Gấm Thượng Hải size 1,Cái,
TTP1142,89938534079773,Áo Gấm Thượng Hải size 2,Cái,
TTP1143,89938534079774,Áo Gấm Thượng Hải size 3,Cái,
TTP1144,89938534079775,Áo Gấm Thượng Hải size 4,Cái,
TTP1145,89938534079776,Áo Gấm Thượng Hải size 5,Cái,
TTP1146,89938534079777,Áo Gấm Thượng Hải size 6,Cái,
TTP1147,89938534079778,Áo Gấm Thượng Hải size 7,Cái,
TTP1148,89938534079779,Áo Gấm Thượng Hải size 8,Cái,
TTP1149,89938534079780,Áo Gấm Thượng Hải size 9,Cái,
TTP1150,89938534079781,Áo Gấm Thượng Hải size 10,Cái,
TTP1151,89938534079793,Áo cọp XCute size 6,Cái,
TTP1152,89938534079794,Áo cọp XCute size 10,Cái,
TTP1153,89938534079795,Áo Tết Rồng Vàng size S,Cái,
TTP1154,89938534079796,Áo Tết Rồng Vàng size 1,Cái,
TTP1155,89938534079797,Áo Tết Rồng Vàng size 2,Cái,
TTP1156,89938534079798,Áo Tết Rồng Vàng size 3,Cái,
TTP1157,89938534079799,Áo Tết Rồng Vàng size 4,Cái,
TTP1158,89938534079800,Áo Tết Rồng Vàng size 5,Cái,
TTP1159,89938534079801,Áo Tết Rồng Vàng size 6,Cái,
TTP1160,89938534079802,Áo Tết Rồng Vàng size 7,Cái,
TTP1161,89938534079803,Áo Tết Rồng Vàng size 8,Cái,
TTP1162,89938534079804,Áo Tết Rồng Vàng size 9,Cái,
TTP1163,89938534079805,Áo Tết Rồng Vàng size 10,Cái,
TTP1164,89938534079806,Áo FBI/Baby Dog size S,Cái,
TTP1165,89938534079807,Áo FBI/Baby Dog size 1,Cái,
TTP1166,89938534079808,Áo FBI/Baby Dog size 2,Cái,
TTP1167,89938534079809,Áo FBI/Baby Dog size 3,Cái,
TTP1168,89938534079810,Áo FBI/Baby Dog size 4,Cái,
TTP1169,89938534079811,Áo FBI/Baby Dog size 5,Cái,
TTP1170,89938534079812,Áo FBI/Baby Dog size 6,Cái,
TTP1171,89938534079813,Áo FBI/Baby Dog size 7,Cái,
TTP1172,89938534079814,Áo FBI/Baby Dog size 8,Cái,
TTP1173,89938534079815,Áo FBI/Baby Dog size 9,Cái,
TTP1174,89938534079816,Áo FBI/Baby Dog size 10,Cái,
TTP1175,89938534079817,Áo FBI/Baby Dog size 11,Cái,
TTP1176,89938534079818,Áo FBI/Baby Dog size 12,Cái,
TTP1177,89938534079819,Áo FBI/Baby Dog size 13,Cái,
TTP1178,89938534079820,Áo FBI/Baby Dog size 14,Cái,
TTP1179,89938534079821,Áo FBI/Baby Dog size 15,Cái,
TTP1180,89938534079822,Áo thủy thủ tai gấu size 7,Cái,
TTP1181,89938534079823,Áo thủy thủ tai gấu size 8,Cái,
TTP1182,89938534079824,Áo Milk Tea size 11,Cái,
TTP1183,89938534079825,Áo Milk Tea size 12,Cái,
TTP1184,89938534079826,Áo Milk Tea size 13,Cái,
TTP1185,89938534079827,Áo Milk Tea size 14,Cái,
TTP1186,89938534079828,Áo Milk Tea size 15,Cái,
TTP1187,89938534079829,Áo lưới hoạt hình Sport size 11,Cái,
TTP1188,89938534079830,Áo lưới hoạt hình Sport size 12,Cái,
TTP1189,89938534079831,Áo lưới hoạt hình Sport size 13,Cái,
TTP1190,89938534079832,Áo lưới hoạt hình Sport size 14,Cái,
TTP1191,89938534079833,Áo lưới hoạt hình Sport size 15,Cái,
TTP1192,89938534079834,Áo Baby Nice size 12,Cái,
TTP1193,89938534079835,Áo Baby Nice size 13,Cái,
TTP1194,89938534079836,Áo Baby Nice size 14,Cái,
TTP1195,89938534079837,Áo Baby Nice size 15,Cái,
TTP1196,89938534079838,Áo cọp XCute size 2,Cái,
TTP1197,89938534079839,Áo cọp XCute size 7,Cái,
TTP1198,89938534079840,Áo cọp XCute size 8,Cái,
TTP1199,89938534079841,Áo cọp XCute size 9,Cái,
TTP1200,89938534079842,Áo kẻ sọc hoạt hình size 2,Cái,
TTP1201,89938534079843,Áo gấu Brown đeo túi size 1,Cái,
TTP1202,89938534079844,Áo gấu Brown đeo túi size 10,Cái,
TTP1203,89938534079845,Áo thủy thủ tai gấu size 9,Cái,
TTP1204,89938534079846,Áo thủy thủ tai gấu size 10,Cái,
TTP1205,89938534079921,Áo thun thú cưng yoko,Cái,
TTP1206,89938534079922,Áo thun thú cưng yoko size lớn,Cái,
TTP1207,497655585822677,Áo lưới 2 dây Yummy size 8,Cái,
TTP1208,497655585822678,Áo lưới 2 dây Yummy size 9,Cái,
TTP1209,497655585822679,Áo lưới 2 dây Yummy size 10,Cái,
TTP1210,497655585822680,Áo nón phối tay thêu hoạt hình size 2,Cái,
TTP1211,497655585822681,Áo nón phối tay thêu hoạt hình size 3,Cái,
TTP1212,497655585822682,Áo nón phối tay thêu hoạt hình size 4,Cái,
TTP1213,497655585822683,Áo nón phối tay thêu hoạt hình size 5,Cái,
TTP1214,497655585822684,Áo nón phối tay thêu hoạt hình size 6,Cái,
TTP1215,497655585822685,Áo nón phối tay thêu hoạt hình size 7,Cái,
TTP1216,497655585822686,Áo sọc tai thỏ size 2,Cái,
TTP1217,497655585822687,Áo sọc tai thỏ size 3,Cái,
TTP1218,497655585822688,Áo sọc tai thỏ size 4,Cái,
TTP1219,497655585822689,Áo sọc tai thỏ size 5,Cái,
TTP1220,497655585822690,Áo sọc tai thỏ size 6,Cái,
TTP1221,497655585822691,Áo sọc tai thỏ size 7,Cái,
TTP1222,497655585822692,Áo sọc tai thỏ size 8,Cái,
TTP1223,497655585822693,Áo sọc tai thỏ size 9,Cái,
TTP1224,497655585822694,Áo sọc tai thỏ size 10,Cái,
TTP1225,497655585822695,Áo họa tiết cổ Lion size S,Cái,
TTP1226,497655585822696,Áo họa tiết cổ Lion size 1,Cái,
TTP1227,497655585822697,Áo họa tiết cổ Lion size 2,Cái,
TTP1228,497655585822698,Áo họa tiết cổ Lion size 3,Cái,
TTP1229,497655585822699,Áo họa tiết cổ Lion size 4,Cái,
TTP1300,497655585822700,Áo họa tiết cổ Lion size 5,Cái,
TTP1301,497655585822701,Áo họa tiết cổ Lion size 6,Cái,
TTP1302,497655585822702,Áo họa tiết cổ Lion size 7,Cái,
TTP1303,497655585822703,Áo họa tiết cổ Lion size 8,Cái,
TTP1304,497655585822704,Áo họa tiết cổ Lion size 9,Cái,
TTP1305,497655585822705,Áo họa tiết cổ Lion size 10,Cái,
TTP1306,497655585822706,Áo họa tiết cổ Bear size S,Cái,
TTP1307,497655585822707,Áo họa tiết cổ Bear size 1,Cái,
TTP1308,497655585822708,Áo họa tiết cổ Bear size 2,Cái,
TTP1309,497655585822709,Áo họa tiết cổ Bear size 3,Cái,
TTP1310,497655585822710,Áo họa tiết cổ Bear size 4,Cái,
TTP1311,497655585822711,Áo họa tiết cổ Bear size 5,Cái,
TTP1312,497655585822712,Áo họa tiết cổ Bear size 6,Cái,
TTP1313,497655585822713,Áo họa tiết cổ Bear size 7,Cái,
TTP1314,497655585822714,Áo họa tiết cổ Bear size 8,Cái,
TTP1315,497655585822715,Áo họa tiết cổ Bear size 9,Cái,
TTP1316,497655585822716,Áo họa tiết cổ Bear size 10,Cái,
TTP1317,497655585822718,Áo lưới 2 dây Yummy size 7,Cái,
TTP1318,497655585822719,Set áo lưới Lovely + nón size 11,Cái,
TTP1319,497655585822720,Set áo lưới Lovely + nón size 12,Cái,
TTP1320,497655585822721,Set áo lưới Lovely + nón size 13,Cái,
TTP1321,497655585822722,Set áo lưới Lovely + nón size 14,Cái,
TTP1322,497655585822723,Set áo lưới Lovely + nón size 15,Cái,
TTP1323,497655585822724,Áo Red Panda size 2,Cái,
TTP1324,497655585822725,Áo Red Panda size 3,Cái,
TTP1325,497655585822726,Áo Red Panda size 4,Cái,
TTP1326,497655585822727,Áo Red Panda size 5,Cái,
TTP1327,497655585822728,Áo Red Panda size 6,Cái,
TTP1328,497655585822729,Áo Red Panda size 7,Cái,
TTP1329,497655585822730,Áo Red Panda size 8,Cái,
TTP1330,497655585822731,Áo Red Panda size 9,Cái,
TTP1331,497655585822732,Áo Red Panda size 10,Cái,
TTP1332,497655585822733,Áo Red Panda size 11,Cái,
TTP1333,497655585822734,Áo Capybara size 7,Cái,
TTP1334,497655585822735,Áo Capybara size 8,Cái,
TTP1335,497655585822736,Áo Capybara size 9,Cái,
TTP1336,497655585822737,Áo Capybara size 10,Cái,
TTP1337,497655585822738,Áo Capybara size 11,Cái,
TTP1338,497655585822740,Áo sát nách sọc cổ sen size 10,Cái,
TTP1339,497655585822739,Áo sát nách sọc cổ sen size 9,Cái,
TTP1340,497655585822741,Áo kẻ sọc Bear size 7,Cái,
TTP1341,497655585822742,Áo kẻ sọc Bear size 8,Cái,
TTP1342,497655585822743,Áo kẻ sọc Bear size 9,Cái,
TTP1343,497655585822744,Áo kẻ sọc Bear size 10,Cái,
TTP1344,497655585822745,Áo địu gấu size 2,Cái,
TTP1345,497655585822774,Áo kẻ sọc hoạt hình size 3,Cái,
TTP1346,497655585822775,Áo kẻ sọc hoạt hình size 4,Cái,
TTP1347,497655585822776,Áo kẻ sọc hoạt hình size 5,Cái,
TTP1348,497655585822777,Áo kẻ sọc hoạt hình size 6,Cái,
TTP1349,497655585822778,Áo kẻ sọc hoạt hình size 7,Cái,
TTP1350,497655585822779,Áo kẻ sọc hoạt hình size 8,Cái,
TTP1351,497655585822780,Áo kẻ sọc hoạt hình size 9,Cái,
TTP1352,497655585822781,Áo kẻ sọc hoạt hình size 10,Cái,
TTP1353,497655585822782,Áo sát nách sọc cổ sen size 7,Cái,
TTP1354,497655585822783,Áo sát nách sọc cổ sen size 8,Cái,
TTP1355,497655585822784,Áo gấu cổ V size 2,Cái,
TTP1356,497655585822785,Áo gấu cổ V size 3,Cái,
TTP1357,497655585822786,Áo gấu cổ V size 4,Cái,
TTP1358,497655585822787,Áo gấu cổ V size 5,Cái,
TTP1359,497655585822788,Áo gấu cổ V size 6,Cái,
TTP1360,497655585822789,Áo gấu cổ V size 7,Cái,
TTP1361,497655585822790,Áo gấu cổ V size 8,Cái,
TTP1362,497655585822791,Áo gấu cổ V size 9,Cái,
TTP1363,497655585822792,Áo gấu cổ V size 10,Cái,
TTP1364,497655585822793,Áo địu gấu size 4,Cái,
TTP1365,497655585822794,Áo địu gấu size 5,Cái,
TTP1366,497655585822795,Áo địu gấu size 6,Cái,
TTP1367,497655585822796,Áo địu gấu size 7,Cái,
TTP1368,497655585822797,Áo địu gấu size 8,Cái,
TTP1369,497655585822798,Áo địu gấu size 9,Cái,
TTP1370,497655585822799,Áo địu gấu size 10,Cái,
TTP1371,497655585822800,Áo yếm sọc thêu hoạt hình size 2,Cái,
TTP1372,497655585822801,Áo yếm sọc thêu hoạt hình size 3,Cái,
TTP1373,497655585822802,Áo yếm sọc thêu hoạt hình size 4,Cái,
TTP1374,497655585822803,Áo yếm sọc thêu hoạt hình size 5,Cái,
TTP1375,497655585822804,Áo yếm sọc thêu hoạt hình size 6,Cái,
TTP1376,497655585822805,Áo yếm sọc thêu hoạt hình size 7,Cái,
TTP1377,497655585822806,Áo yếm sọc thêu hoạt hình size 8,Cái,
TTP1378,497655585822807,Áo yếm sọc thêu hoạt hình size 9,Cái,
TTP1379,497655585822808,Áo yếm sọc thêu hoạt hình size 10,Cái,
TTP1380,497655585822809,Áo Body BabyDog size 2,Cái,
TTP1381,497655585822810,Áo Body BabyDog size 3,Cái,
TTP1382,497655585822811,Áo Body BabyDog size 4,Cái,
TTP1383,497655585822812,Áo Body BabyDog size 5,Cái,
TTP1384,497655585822813,Áo Body BabyDog size 6,Cái,
TTP1385,497655585822814,Áo Body BabyDog size 7,Cái,
TTP1386,497655585822815,Áo Body BabyDog size 8,Cái,
TTP1387,497655585822816,Áo Body BabyDog size 9,Cái,
TTP1388,497655585822817,Áo Body BabyDog size 10,Cái,
TTP1389,497655585822818,Áo World Cup size S,Cái,
TTP1390,497655585822819,Áo World Cup size 1,Cái,
TTP1391,497655585822820,Áo World Cup size 2,Cái,
TTP1392,497655585822821,Áo World Cup size 3,Cái,
TTP1393,497655585822822,Áo World Cup size 4,Cái,
TTP1394,497655585822823,Áo World Cup size 5,Cái,
TTP1395,497655585822824,Áo World Cup size 6,Cái,
TTP1396,497655585822825,Áo World Cup size 7,Cái,
TTP1397,497655585822826,Áo World Cup size 8,Cái,
TTP1398,497655585822827,Áo World Cup size 9,Cái,
TTP1399,497655585822828,Áo World Cup size 10,Cái,
TTP1400,497655585822829,Áo World Cup size 11,Cái,
TTP1401,497655585822830,Áo World Cup size 12,Cái,
TTP1402,497655585822831,Áo World Cup size 13,Cái,
TTP1403,497655585822832,Áo World Cup size 14,Cái,
TTP1404,497655585822833,Áo World Cup size 15,Cái,
TTP1405,497655585822875,Jumpsuit y tế size S,Cái,
TTP1406,497655585822876,Jumpsuit y tế size M,Cái,
TTP1407,497655585822877,Quần chíp thiên thần nữ size 4,Cái,
TTP1408,497655585822878,Quần chíp thiên thần nữ size 6,Cái,
TTP1409,497655585822879,Quần chíp thiên thần nữ size 8,Cái,
TTP1410,497655585822880,Quần chíp thiên thần nữ size 10,Cái,
TTP1411,497655585822886,Áo địu gấu size 3,Cái,
TTP1412,497655585822892,Quần yếm kẻ sọc size S,Cái,
TTP1413,497655585822893,Quần yếm kẻ sọc size 1,Cái,
TTP1414,497655585822894,Quần yếm kẻ sọc size 2,Cái,
TTP1415,497655585822895,Quần yếm kẻ sọc size 3,Cái,
TTP1416,497655585822896,Quần yếm kẻ sọc size 4,Cái,
TTP1417,497655585822898,Quần yếm kẻ sọc size 5,Cái,
TTP1418,497655585822899,Quần yếm kẻ sọc size 6,Cái,
TTP1419,497655585822900,Quần yếm kẻ sọc size 7,Cái,
TTP1420,497655585822901,Quần yếm kẻ sọc size 8,Cái,
TTP1421,497655585822902,Quần yếm kẻ sọc size 9,Cái,
TTP1422,497655585822904,Quần yếm kẻ sọc size 10,Cái,
TTP1423,497655585822905,Quần yếm kẻ sọc Capybara size 2,Cái,
TTP1424,497655585822906,Quần yếm kẻ sọc Capybara size 3,Cái,
TTP1425,497655585822917,Áo địu gấu size 13,Cái,
TTP1426,497655585822908,Quần yếm kẻ sọc Capybara size 4,Cái,
TTP1427,497655585822909,Quần yếm kẻ sọc Capybara size 5,Cái,
TTP1428,497655585822910,Quần yếm kẻ sọc Capybara size 6,Cái,
TTP1429,497655585822911,Quần yếm kẻ sọc Capybara size 7,Cái,
TTP1430,497655585822912,Quần yếm kẻ sọc Capybara size 8,Cái,
TTP1431,497655585822913,Quần yếm kẻ sọc Capybara size 9,Cái,
TTP1432,497655585822914,Quần yếm kẻ sọc Capybara size 10,Cái,
TTP1433,497655585822915,Áo địu gấu size 11,Cái,
TTP1434,497655585822916,Áo địu gấu size 12,Cái,
TTP1435,497655585822918,Áo địu gấu size 14,Cái,
TTP1436,497655585822919,Áo địu gấu size 15,Cái,
TTP1437,497655585822983,Áo lưới Lovely size 3,Cái,
TTP1438,497655585822984,Áo lưới Lovely size 4,Cái,
TTP1439,497655585822985,Áo lưới Lovely size 5,Cái,
TTP1440,497655585822986,Áo lưới Lovely size 6,Cái,
TTP1441,497655585822987,Áo lưới Lovely size 7,Cái,
TTP1443,497655585822988,Đầm 2 dây Sport size 5,Cái,
TTP1444,497655585823004,Áo lưới hoạt hình size 2,Cái,
TTP1445,497655585823005,Áo Red Panda size 14,Cái,
TTP1446,497655585823006,Áo Red Panda size 15,Cái,
TTP1447,497655585823007,Quần kẻ sọc Capybara size 1,Cái,
TTP1448,497655585823008,Đầm yếm búp bê size 5,Cái,
TTP1449,497655585823009,Áo lưới Lovely size 2,Cái,
TTP1450,497655585823010,Áo lưới Lovely size 8,Cái,
TTP1451,497655585823011,Áo lưới Lovely size 9,Cái,
TTP1452,497655585823012,Áo lưới Lovely size 10,Cái,
TTP1453,497655585823013,Áo lưới Lovely size 11,Cái,
TTP1454,497655585823014,Áo lưới Lovely size 12,Cái,
TTP1455,497655585823015,Áo lưới Lovely size 13,Cái,
TTP1456,497655585823016,Áo lưới Lovely size 14,Cái,
TTP1457,497655585823017,Áo lưới Lovely size 15,Cái,
TTP1458,497655585823066,Áo Capybara size 12,Cái,
TTP1459,497655585823067,Áo Capybara size 13,Cái,
TTP1460,497655585823068,Áo Capybara size 14,Cái,
TTP1461,497655585823069,Áo Capybara size 15,Cái,
TTP1462,497655585823070,Đầm nơ hạt châu size 5,Cái,
TTP1463,497655585823099,ÁO KIỂU BẰNG THUN CHÓ MÈO,Cái,
TTP1464,497655585823100,Áo kiểu có tay thú cưng yoko,Cái,
TTP1465,497655585823101,ĐẦM XÒE THÚ CƯNG,Cái,
BLP1001,89938534079595,BA LÔ CỬA TRƯỚC,Cái,
BLP1002,89938534079596,BA LÔ ABC PET 4,Cái,
BLP1003,89938534079597,BA LÔ HỌA TIẾT,Cái,
BLP1004,89938534079609,"Túi đeo vật nuôi 6004;mặt ngoài bằng plastic, kích thước 40*28*42cm",Chiếc,
BLP1005,89938534079610,"Túi đeo vật nuôi 5096;mặt ngoài bằng vật liệu dệt,kích thước34*39*25cm",Chiếc,
BLP1006,89938534079611,"Túi đeo vật nuôi 5035;mặt ngoài bằng vật liệu dệt,kích thước443019cm",Chiếc,
BLP1007,89938534079612,"Túi đeo vật nuôi 5065;mặt ngoài bằng vật liệu dệt,kích thước38*36*25",Chiếc,
BLP1008,89938534079923,Balo đựng thú cưng,Cái,
BLP1009,89938534079959,BA LÔ VUÔNG CÓ NẮP,Cái,
BLP1010,497655585822890,Balo thú cưng (trong hình thú 3D),Cái,
BLP1011,497655585822891,Balo thú cưng (PHG trong UFO),Cái,
BLP1012,497655585822897,Balo thú cưng (túi vận chuyển du lịch),Cái,
BLP1013,497655585822969,Balo thú cưng (PVC MIU MIU),Cái,
BLP1014,497655585822999,BA LÔ CỬA TRƯỚC (TO),Cái,
HPKBLO1001,497655585824176,BA LÔ CỬA TRƯỚC (AKV-Màu trơn),Cái,
TVC1004,89938534079421,Túi có quai đeo và tay cầm cho vật nuôi SP1581 bằng vải polyester (32x24x43cm),Chiếc,
TVC1011,89938534079860,"TÚI CÓ QUAI ĐEO VÀ TAY CẦM CHO VẬT NUÔI SP1062, BẰNG VẢI POLYESTER, KÍCH THƯỚC 32X23X40",Chiếc,
TVC1012,89938534079861,TÚI CÓ QUAI ĐEO VÀ TAY CẦM CHO VẬT NUÔI (PHI HÀNH GIA),Chiếc,
TVC1013,89938534079879,Balo đựng thú cưng,Cái,
DDOP1008,4976555925173,Dây dắt hộp PocketWalker (5kg) màu vàng #92517,Cái,
DDP1001,9557837004683,Dắt dù hoa văn nhỏ (Chuông),Cái,
DDP1003,9557837004685,Dắt dù hoa văn lớn (Chuông),Cái,
DDP1004,89938534079784,Dắt dù hoa văn trung (vỉ lẻ) (chuông),Cái,
DDP1005,89938534079875,Bộ dây dắt + vòng cổ Police 1 lớp nhỏ,Bộ,
DDP1006,89938534079876,Bộ dây dắt + vòng cổ Police 1 lớp trung,Bộ,
DDP1007,89938534079877,Bộ dây dắt + vòng cổ Police 1 lớp lớn,Bộ,
DDP1009,4976555888621,Dây dẫn 10mm #DD10,Cái,
DDP1010,4976555908312,Dây dẫn 15mm #DD15,Cái,
DDP1011,4976555896305,Dây dẫn 20mm #DD20,Cái,
DDP1012,497655585822921,Dắt dù hoa văn lớn (vỉ lẻ) (chuông),Cái,
DXC1001,89938534079717,Xích inox bé 2 móc,Dây,
DXC1002,89938534079718,Xích inox nhỏ 2 móc,Dây,
DXC1003,89938534079719,Xích inox trung 2 móc,Dây,
DXC1004,89938534079720,Xích inox vuông 2ly 2 móc,Dây,
DXC1005,89938534079721,Xích inox vuông 3ly 2 móc,Dây,
DXC1006,89938534079881,Xích inox xoắn 2.3ly 2 móc,Dây,
DXC1007,89938534079963,Xích inox xoắn 2.5ly 2 móc,Dây,
DXC1008,89938534079964,Xích inox xoắn 3ly 2 móc,Dây,
DXC1009,497655585822948,Xích inox vuông 4ly 2 móc,Dây,
DXC1010,497655585822950,Xích inox lớn 2 móc,Dây,
DYP1001,9557837004686,Dắt yếm hoa văn nhỏ (Chuông),Cái,
DYP1004,89938534079782,Dắt yếm hoa văn trung (vỉ lẻ) (chuông),Cái,
DYP1005,89938534079783,Dắt yếm hoa văn lớn (vỉ lẻ) (chuông),Cái,
DYP1006,8938539058150,Dây yếm Lucky size 2.5cm,Cái,
DYP1007,8938539058143,Dây yếm Lucky size 2.0cm,Cái,
DYP1008,89938534079927,Dây yếm Lucky size 1.0cm,Cái,
DYP1009,89938534079928,Dây yếm Lucky size 1.5cm,Cái,
DYP1010,497655585822771,Bộ dây dắt + đai yếm Police 1 lớp nhỏ,Bộ,
DYP1011,497655585822772,Bộ dây dắt + đai yếm Police 1 lớp trung,Bộ,
DYP1012,497655585822773,Bộ dây dắt + đai yếm Police 1 lớp lớn,Bộ,
DYP1013,497655585822840,Yếm 10mm #Y10,Cái,
DYP1014,497655585822841,Yếm 15mm #Y15,Cái,
DYP1015,4976555898361,Set yếm 10mm #SY10,Cái,
DYP1016,497655585822865,Yếm Police bé rời,Cái,
DYP1017,497655585822866,Yếm Police nhỏ rời,Cái,
DYP1018,497655585822867,Yếm Police trung rời,Cái,
DYP1019,497655585822868,Yếm Police lớn rời,Cái,
DYP1020,497655585822925,Yếm Sapphire 2.0cm,Cái,
DYP1022,497655585822927,Dây yếm 2 vòng 1.0,Cái,
DYP1023,497655585822928,Dây yếm Lucy,Cái,
DYP1024,497655585822929,Dây yếm Luxury Size 2,Cái,
DYP1025,497655585822930,Dây yếm Luxury Size 1,Cái,
DYP1026,497655585822931,Dây yếm thoáng khí size 3,Cái,
DYP1027,497655585822932,Dây yếm thoáng khí size 2,Cái,
HPKDAY1001,8938539058778,Đai yếm thoáng khí size 1,Cái,
HPKDAY1002,8938539058785,Đai yếm thoáng khí size 2,Cái,
HPKDAY1003,8938539058792,Đai yếm thoáng khí size 3,Cái,
HPKDAY1004,8938539058754,Đai yếm Luxury Size 1,Cái,
HPKDAY1005,8938539058761,Đai yếm Luxury Size 2,Cái,
HPKDAY1006,497655585824178,Dây dẫn Police nhỏ (HK),Bộ,
HPKDAY1007,497655585824179,Dây dẫn Police trung (HK),Bộ,
HPKDAY1008,497655585824180,Dây dẫn Police lớn (HK),Bộ,
PKP1014,308479,308479 - NEW COMFORT - Dây dắt tự động dây dẹp S 5m,Cái,
PKP1015,308480,308480 - NEW COMFORT - Dây dắt tự động dây dẹp M 5m,Cái,
PKP1016,308482,308482 - NEW NEON - Dây dắt tự động dây dẹp S 5m,Cái,
PKP1017,308483,308483 - NEW NEON - Dây dắt tự động dây dẹp M 5m,Cái,
PKP1018,308486,308486 - FUN - Dây dắt tự động dây tròn M,Cái,
PKP1020,89938534079473,Địu thú cưng size S,Cái,
PKP1021,89938534079474,Địu thú cưng size M,Cái,
PKP1022,89938534079475,Địu thú cưng size L,Cái,
PKP1079,89938534079944,Địu thú cưng Diamonds size S,Cái,
PKP1080,89938534079945,Địu thú cưng Diamonds size M,Cái,
PKP1081,89938534079946,Địu thú cưng Diamonds size L,Cái,
PKP1121,497655585823034,ĐỊU SIZE 8,Cái,
PKP1122,497655585823035,ĐỊU SIZE 7,Cái,
PKP1123,497655585823036,ĐỊU SIZE 6,Cái,
PKP1124,497655585823037,ĐỊU SIZE 5,Cái,
PKP1125,497655585823038,ĐỊU SIZE 4,Cái,
PKP1126,497655585823039,ĐỊU SIZE 3,Cái,
HPKNNE1001,497655585823047,NỆM ANGRY BIRD SIZE 1,Cái,
HPKNNE1002,497655585823031,NỆM ANGRY BIRD SIZE 2,Cái,
HPKNNE1003,497655585823079,NỆM ANGRY BIRD SIZE 3,Cái,
HPKNNE1004,497655585823032,NỆM ANGRY BIRD SIZE 4,Cái,
HPKNNE1005,497655585823087,NỆM CON CHUỘT SIZE 1,Cái,
HPKNNE1006,497655585823088,NỆM CON CHUỘT SIZE 2,Cái,
HPKNNE1007,497655585823089,NỆM CON HEO SIZE 1,Cái,
HPKNNE1008,497655585823094,NỆM CON KHĨ SIZE 3,Cái,
HPKNNE1009,497655585823033,NỆM CON KHĨ SIZE 4,Cái,
HPKNNE1010,497655585823090,NỆM CÚ MÈO SIZE 1,Cái,
HPKNNE1011,497655585823091,NỆM CÚ MÈO SIZE 2,Cái,
HPKNNE1012,497655585823092,NỆM CÚ MÈO SIZE 3,Cái,
HPKNNE1013,497655585823025,NỆM DOREMON SIZE 1,Cái,
HPKNNE1014,497655585823078,NỆM DOREMON SIZE 2,Cái,
HPKNNE1015,497655585823024,NỆM DOREMON SIZE 3,Cái,
HPKNNE1016,497655585823023,NỆM DOREMON SIZE 4,Cái,
HPKNNE1017,497655585823028,NỆM GẤU TRÚC SIZE 1,Cái,
HPKNNE1018,497655585823029,NỆM GẤU TRÚC SIZE 2,Cái,
HPKNNE1019,497655585823030,NỆM GẤU TRÚC SIZE 4,Cái,
HPKNNE1020,497655585823027,NỆM PIKACHU SIZE 2,Cái,
HPKNNE1021,497655585823026,NỆM PIKACHU SIZE 3,Cái,
HPKNNE1022,497655585823086,NỆM PIKACHU SIZE 4,Cái,
HPKNNE1023,4976555858236685,NỆM PIKACHU SIZE 1,Cái,
HPKNNE1024,4976555858236686,NỆM CON HEO SIZE 2,Cái,
NCP1001,89938534079484,Thảm nệm tròn size 45cm,Cái,
NCP1002,89938534079483,Thảm nệm tròn size 60cm,Cái,
NCP1003,89938534079481,Ổ nệm tròn 16cm*45cm,Cái,
NCP1004,89938534079482,Nệm vuông size 1 (45*35),Cái,
NCP1005,89938534079598,THẢM LÔNG CN1 L,Cái,
NCP1006,89938534079599,THẢM LÔNG CN1 XL,Cái,
NCP1007,89938534079600,THẢM LÔNG CN1 2XL,Cái,
NCP1008,89938534079785,Nệm Oval 1 lớp T1,Cái,
NCP1009,89938534079786,Nệm Oval 1 lớp T2,Cái,
NCP1010,89938534079787,Nệm Oval 1 lớp T3,Cái,
NCP1011,89938534079788,Nệm Oval 1 lớp T4,Cái,
NCP1012,89938534079789,Nệm Oval 1 lớp T5,Cái,
NCP1013,89938534079790,Nệm Oval 1 lớp T6,Cái,
NCP1014,89938534079791,Nệm Oval 1 lớp T7,Cái,
NCP1015,89938534079792,Nệm Oval 1 lớp T8,Cái,
NCP1016,89938534079906,"Ổ đệm nằm hình quả dâu mã hàng DEM26-017, kt 40x40x45cm",Chiếc,
NCP1017,89938534079948,NỆM OVAL SIZE 1,Cái,
NCP1018,89938534079949,NỆM OVAL SIZE 2,Cái,
NCP1019,89938534079950,NỆM OVAL SIZE 3,Cái,
NCP1020,89938534079951,NỆM OVAL SIZE 5,Cái,
NCP1021,89938534079952,NỆM OVAL SIZE 6,Cái,
NCP1022,89938534079953,NỆM OVAL SIZE 7,Cái,
NCP1023,89938534079954,NỆM OVAL SIZE 8,Cái,
NCP1024,89938534079955,NỆM CANVAS CHỐNG TRƯỢT SIZE S,Cái,
NCP1025,89938534079956,NỆM CANVAS CHỐNG TRƯỢT SIZE M,Cái,
NCP1026,89938534079957,NỆM CANVAS CHỐNG TRƯỢT SIZE L,Cái,
NCP1027,89938534079958,NỆM CANVAS CHỐNG TRƯỢT SIZE XL,Cái,
NCP1028,497655585822755,Nệm vuông 3D thấp size 1,Cái,
NCP1029,497655585822756,Nệm vuông 3D thấp size 2,Cái,
NCP1030,497655585822757,Nệm vuông 3D thấp size 3,Cái,
NCP1031,497655585822758,Nệm vuông 3D thấp size 4,Cái,
NCP1032,497655585822759,Nệm vuông 3D thấp size 5,Cái,
NCP1033,497655585822760,Nhà lều chíp chíp,Cái,
NCP1034,497655585822761,Nhà lều hình ếch,Cái,
NCP1035,497655585822762,Nhà lều hình heo,Cái,
NCP1036,497655585822763,Nhà lều hình gấu,Cái,
NCP1037,497655585822764,Giường bạch dương,Cái,
NCP1038,497655585822765,Giường bò sữa,Cái,
NCP1039,497655585822766,Giường Tiger,Cái,
NCP1040,497655585822767,Giường cự giải,Cái,
NCP1041,497655585822768,Giường kim ngưu,Cái,
NCP1042,4976555937275,Nệm chữ nhật #93727,Cái,
NCP1043,4976555937206,Thảm thú cưng M hồng #93720,Cái,
NCP1044,497655585822938,Nệm vuông Ibone 1,Cái,
NCP1045,497655585822939,Nệm vuông Ibone 2,Cái,
NCP1047,497655585822940,Nệm vuông Ibone 3,Cái,
NCP1048,497655585822941,Nệm vuông Ibone 4,Cái,
NCP1049,497655585822942,Nệm tròn viền hình thú 1,Cái,
NCP1050,497655585822943,Nệm tròn viền hình thú 2,Cái,
NCP1051,497655585822944,Nệm tròn viền hình thú 3,Cái,
NCP1052,497655585822945,Nệm tròn lục giác 1,Cái,
NCP1053,497655585822946,Nệm tròn lục giác 2,Cái,
NCP1054,497655585822947,Nệm tròn lục giác 3,Cái,
NCP1055,497655585822961,Ổ Oval Ibone 1,Cái,
NCP1056,497655585822962,Ổ Oval Ibone 2,Cái,
NCP1057,497655585822963,Ổ Oval Ibone 3,Cái,
NCP1058,497655585822964,Ổ Oval Ibone 4,Cái,
NCP1059,497655585822965,Ổ Oval Ibone 5,Cái,
NCP1060,497655585822966,Ổ Oval Ibone 6,Cái,
NCP1061,497655585822967,Ổ Oval Ibone 7,Cái,
NCP1062,497655585822968,Ổ Oval Ibone 8,Cái,
NCP1063,497655585822970,Nhà trái cây,Cái,
NCP1064,497655585822971,Nhà lều Angry Bird,Cái,
NCP1065,497655585822972,Nhà con ong,Cái,
NCP1066,497655585822973,Nhà con cam,Cái,
NCP1067,497655585822974,Thảm nằm chó mèo 1,Cái,
NCP1068,497655585822975,Thảm nằm chó mèo 2,Cái,
NCP1069,497655585822976,Thảm nằm chó mèo 3,Cái,
NCP1070,497655585822977,Thảm nằm chó mèo 4,Cái,
NCP1071,497655585823002,THẢM LÔNG CN1 S,Cái,
NCP1072,497655585823003,THẢM LÔNG CN1 XS,Cái,
NCP1085,497655585823041,Nệm vuông lưới 1,Cái,
NCP1086,497655585823042,Nệm vuông lưới 2,Cái,
NCP1087,497655585823043,Nệm vuông lưới 3,Cái,
NCP1088,497655585823044,Nệm vuông lưới 4,Cái,
NCP1089,497655585823045,Nệm vuông lưới 5,Cái,
NCP1090,497655585823046,Nhà hoạt hình,Cái,
NCP1092,497655585823061,Nệm khúc xương nhỏ,Cái,
NCP1093,497655585823062,Nệm khúc xương lớn,Cái,
NCP1094,497655585823063,Nệm Oval lông thú 1,Cái,
NCP1095,497655585823064,Nệm Oval lông thú 2,Cái,
NCP1096,497655585823065,Nệm Oval lông thú 3,Cái,
TLCM01,497655585823001,THẢM LÔNG CN1 M,Cái,
HPKRLO1001,497655585824059,Vòng cổ Elizabeth số 5 (KN),Chiếc,
HPKRLO1002,497655585824060,Vòng cổ Elizabeth số 6 (KN),Chiếc,
HPKRLO1003,497655585824162,Khớp mõm si size đại (AKV),Cái,
HPKRLO1004,497655585824163,Khớp mõm vịt size L (AKV),Cái,
HPKRLO1005,497655585824164,Khớp mõm vịt size M (AKV),Cái,
HPKRLO1006,497655585824165,Khớp mõm vịt size S (AKV),Cái,
HPKRLO1007,497655585824166,Khớp mõm nhựa lưới size S (AKV),Cái,
HPKRLO1008,497655585824167,Khớp mõm nhựa lưới size M (AKV),Cái,
HPKRLO1009,497655585824168,Khớp mõm nhựa lưới size L (AKV),Cái,
HPKRLO1010,497655585824169,Khớp mõm nhựa lưới size XL (AKV),Cái,
HPKRLO1011,497655585824170,Khớp mõm nhựa 4 (AKV),Cái,
HPKRLO1012,497655585824171,Khớp mõm nhựa 5 (AKV),Cái,
HPKRLO1013,497655585824172,Khớp mõm nhựa 6 (AKV),Cái,
HPKRLO1014,497655585824173,Khớp mõm nhựa 7 (AKV),Cái,
HPKRLO1015,497655585824174,Khớp mõm silicon phản quang 5 (AKV),Cái,
HPKRLO1016,497655585824175,Khớp mõm silicon phản quang 4 (AKV),Cái,
HPKRLO1022,497655585824302,Khớp mõm nhựa 1 (AKV),Cái,
PKP1003,89938534079422,Nón bảo hộ chó mèo SP570 số 1  không phụ kiện,Chiếc,
PKP1004,89938534079423,Nón bảo hộ chó mèo SP569 số 2 không phu kien,Chiếc,
PKP1005,89938534079424,Nón bảo hộ chó mèo SP568 số 3  không phụ kiện,Chiếc,
PKP1006,89938534079425,Nón bảo hộ chó mèo SP567 số 4không phụ kiện,Chiếc,
PKP1007,89938534079426,Nón bảo hộ chó mèo SP566 số 5không phụ kiện,Chiếc,
PKP1008,89938534079427,Nón bảo hộ chó mèo SP565 số 6không phụ kiện,Chiếc,
PKP1009,89938534079428,"Nón bảo hộ chó mèo SP564 số 7, không phụ kiện",Chiếc,
VCP1006,89938534079638,Vòng cổ Elizabeth 5,Cái,
VCP1007,89938534079639,Vòng cổ Elizabeth 6,Cái,
VCP1014,89938534079687,Vòng cổ Elizabeth 1,Cái,
VCP1015,89938534079688,Vòng cổ Elizabeth 2,Cái,
VCP1016,89938534079689,Vòng cổ Elizabeth 3,Cái,
VCP1017,89938534079690,Vòng cổ Elizabeth 4,Cái,
VCP1018,89938534079691,Vòng cổ Elizabeth 7,Cái,
VCP1019,89938534079847,Vòng chống liếm HK dày 5,Cái,
VCP1020,89938534079872,Vòng chống liếm HK dày 1,Cái,
VCP1021,89938534079873,Vòng chống liếm HK dày 2,Cái,
VCP1022,89938534079874,Vòng chống liếm HK dày 6,Cái,
VCP1024,497655585822750,Gối chống liếm trái cây 1,Cái,
VCP1025,497655585822751,Gối chống liếm trái cây 2,Cái,
VCP1026,497655585822752,Gối chống liếm trái cây 3,Cái,
VCP1027,497655585822753,Gối chống liếm trái cây 4,Cái,
VCP1028,497655585822754,Gối chống liếm trái cây 5,Cái,
VCP1029,497655585822769,Loa chống liếm hoa văn 2,Cái,
VCP1030,497655585822770,Loa chống liếm hoa văn 3,Cái,
VCP1033,497655585822979,Loa chống liếm hoa văn 1,Cái,
HPKTBI2001,497655585823286,"Miếng lót vệ sinh Petland, 18g/2g/chiếc, kích thước: 33*45cm, 100 cái/bịch, 1 BỊCH=1TÚI,chất liệu vật liệu tổng hợp+ than hoạt tính, 8bags/carton, hàng mới 100%",Cái,
HPKTBI2001,497655585823761,,Bịch,
HPKTBI2002,497655585823287,"Miếng lót vệ sinh cho thú cưng, hiệu Petland, 35g/3g/chiếc, kích thước: 45*60cm, 50 cái/bịch, 1 BỊCH=1TÚI,chất liệu vật liệu tổng hợp+ than hoạt tính, 8bags/carton, hàng mới 100%",Cái,
HPKTBI2002,497655585823762,,Bịch,
TLP1001,7369025908818,Tấm lót Antibacterial 25_60x90 cm - Vàng,Miếng,
TLP1001,497655585823573,,Bịch,
TLP1002,7369025908122,Tấm lót Charcoal 25_60x90 cm - Xanh,Miếng,
TLP1002,497655585823574,,Bịch,
TLP1005,89938534079406,"Miếng lót vệ sinh cho thú cưng, hiệu Petland, 35g/3g/chiếc, kích thước: 45*60cm, 1 bịch= 1 túi, chất liệu vật liệu tổng hợp+ than hoạt tính, 8bags/carton, hàng mới 100%",Cái,
TLP1005,497655585823457,,Bịch,
TLP1007,8936204290492,Tấm lót Kamt size M (45x60),Miếng,
TLP1007,497655585823460,,Bịch,
TLP1008,8936204290508,Tấm lót Kamt size L (60x60),Miếng,
TLP1008,497655585823459,,Bịch,
TLP1009,8936204290485,Tấm lót Kamt size S (33x45),Miếng,
TLP1009,497655585823458,,Bịch,
TLP1010,8936204290515,Tấm lót Kamt size XL (60x90),Miếng,
TLP1010,497655585823461,,Bịch,
HPKTTR1001,497655585823118,Tất (vớ) 4 cái/túi size S,Túi,
HPKTTR1002,497655585823108,Tất (vớ) 4 cái/túi size M,Túi,
HPKTTR1003,497655585823109,Tất (vớ) 4 cái/túi size L,Túi,
HPKTTR1004,497655585823110,Tất (vớ) 4 cái/túi size XL,Túi,
HPKTXA1001,497655585823236,TÚI NYLON LỚN,Cái,
HPKTXA1002,497655585823237,TÚI NYLON TRUNG,Cái,
HPKTXA1003,497655585824159,Giỏ vòm 1 (SP477 New),Chiếc,
HPKTXA1004,497655585824160,Giỏ vòm 2 (SP479 New),Chiếc,
HPKTXA1005,497655585824161,Giỏ vòm 3 (SP478 New),Chiếc,
TVC1006,89938534079526,TÚI NYLON TRUNG,Cái,
TVC1007,89938534079601,TÚI LƯỚI XL ABC,Cái,
TVC1008,89938534079657,Giỏ vòm 3 (SP478),Chiếc,
TVC1009,89938534079658,Giỏ vòm 2 (SP479),Chiếc,
TVC1010,89938534079716,Giỏ vòm 1 (SP477),Chiếc,
TVC1014,497655585823000,Túi vc Moorpet Túi Hộp,Cái,
HPKVCO1001,497655585824058,Cổ dù hoa văn bé,Cái,
HPKVCO1002,497655585824181,Vòng cổ Police nhỏ (HK),Cái,
HPKVCO1003,497655585824182,Vòng cổ Police lỡ (HK),Cái,
HPKVCO1004,497655585824183,Vòng cổ Police trung (HK),Cái,
HPKVCO1005,497655585824184,Vòng cổ hoa văn lớn (HK),Cái,
VCP1001,9557837004680,Cổ dù hoa văn nhỏ,Cái,
VCP1002,9557837004681,Cổ dù hoa văn trung,Cái,
VCP1003,9557837004682,Cổ dù hoa văn lớn,Cái,
VCP1004,89938534079523,VÒNG CỔ BI NHỎ,Cái,
VCP1005,89938534079524,VÒNG CỔ BI TRUNG,Cái,
VCP1008,89938534079645,Cổ da 2 lớp nhỏ,Cái,
VCP1009,89938534079646,Cổ da 2 lớp lỡ,Cái,
VCP1010,89938534079647,Cổ da 2 lớp lớn,Cái,
VCP1011,89938534079648,Cổ dù Police nhỏ (khóa antimol),Cái,
VCP1012,89938534079649,Cổ dù Police lỡ (khóa antimol),Cái,
VCP1013,89938534079650,Cổ dù Police trung (khóa antimol),Cái,
VCP1031,4976555893069,Vòng cổ 10mm #VC10,Cái,
VCP1032,4976555893182,Vòng cổ 15mm #VC15,Cái,
VCP1037,497655585822920,Vòng Cổ Kitten & Puppy 0.8cm,Cái,
VCP1038,497655585822991,Vòng Cổ họa tiết hoa,Cái,
HQTLEP0000,497655585823265,Que test Leptospiria,Cái,
HQTTĐH0000,497655585823268,"Que thử dùng cho máy đo đường huyết thú y VQPET H (VivaChek, Trung Quốc)",Cái,
HQTTNT0000,497655585823267,Que thử nước tiểu 15 thông số dùng cho máy UA-60V (Mindray),Cái,
HQTVSD0000,497655585823254,Vcheck SDMA,Cái,
HQTVT40000,497655585823252,Vcheck T4,Cái,
HQTXNMTS19,497655585823275,105-00496A-00 Health Checking Panel Đĩa tổng quát gồm 19 thông số dùng cho máy sinh hóa thú y (Mindray),Cái,
HQTXNMTS28,497655585823274,105-00495A-00 Comprehensive Diagnosis Panel Đĩa tổng quát gồm 28 thông số dùng cho máy sinh hóa thú y (Mindray),Cái,
MTPCHI2040,8938529672557-,Pate chó mèo King's Pet By Bao Anh TA hỗn hợp hoàn chỉnh vị heo rau củ 380g,Lon,
MTPCHI2041,8938529672540-,Pate chó mèo King's Pet by Bao Anh TA hỗn hợp hoàn chỉnh vị bò rau củ 380g,Lon,
MTPCHI2042,8938529672595-,Pate chó mèo King's Pet by Bao Anh TA hỗn hợp hoàn chỉnh vị gà thơm 380g,Lon,
MTPCHI2043,8938529672564-,Pate chó mèo King's Pet by Bao Anh TA hỗn hợp hoàn chỉnh vị cá kỷ tử 380g,Lon,
MTPCHI2044,8938529672571-,Pate chó mèo King's Pet by Bao Anh TA hỗn hợp hoàn chỉnh vị gà kỷ tử 380g,Lon,
MTPCHI2045,8938529672014-,Pate chó mèo King’s Pet TA hỗn hợp hoàn chỉnh vị cá 380g,Lon,
MTPCHI2046,8938529672021-,Pate chó mèo King’s Pet TA hỗn hợp hoàn chỉnh vị gà 380g,Lon,
MTPCHI2047,8938529672168-,Pate chó mèo King's Pet TA hỗn hợp hoàn chỉnh vị cá hồi 380g,Lon,
MTPCHI2048,8938529672144-,Pate chó mèo King's Pet TA hỗn hợp hoàn chỉnh vị gà cá 380g,Lon,
PTT1001,8938529672755,PATE CÁ COLLAGEN HỘP 500GR,Hộp,
PTT1002,8938529672786,PATE GÀ CÁ HỘP 500GR,Hộp,
PTT1003,8938529672762,PATE GÀ COLLAGEN HỘP 500GR,Hộp,
PTT1004,8938529672076,PATE CÁ NƯỚC NGỌT,Kg,
PTT1005,8938529672625,PATE CÁ SABA,Kg,
PTT1006,8938529672106,PATE GÀ,Kg,
PTT1007,8938529672113,PATE GÀ CÁ,Kg,
PTT1008,8938529672243,PATE GÀ CÁ TRÍCH,Kg,
PTT1009,8938529672090,PATE GÀ COLLAGEN,Kg,
PTT1010,8938529672120,PATE GAN,Kg,
PTT1011,8938529672052,PATE HỖN HỢP CÁ,Kg,
PTT1012,8938529672069,PATE HỖN HỢP GÀ,Kg,
PTT1013,8938529672700,PATE NGỪ HỘP 500GR,Hộp,
PTT1014,8938529672779,PATE GÀ HỘP 500GR,Hộp,
PTT1015,8938529672236,PATE CÁ TRÍCH,Kg,
PTT1016,8938529672083,PATE CÁ COLLAGEN,Kg,
PTT1017,8938529672038,PATE CÁ NGỪ,Kg,
PTT1018,8938529672045,PATE CÁ NỤC,Kg,
PTT1019,8938529672793,PATE CÁ TRÍCH HỘP 500GR,Hộp,
PTT1020,9557837004678,PATE HEO HỘP 500GR,Hộp,
PTT1021,8938529672717,PATE CÁ NỤC HỘP 500GR,Hộp,
PTT1022,9557837004679,PATE HEO GÀ HỘP 500GR,Hộp,
PTT1023,9557837004703,PATE BÒ HỘP 500GR,Hộp,
PTT1024,8938529672731,PATE HỖN HỢP GÀ HỘP 500GR,Hộp,
PTT1025,8938529672724,PATE HỖN HỢP CÁ HỘP 500GR,Hộp,
PTT1026,8938529672816,PATE CÁ NƯỚC NGỌT HỘP 500GR,Hộp,
PTT1027,8938529672748,PATE GAN HỘP 500GR,Hộp,
PTT1028,89938534079436,PATE BÒ,Kg,
PTT1029,89938534079437,PATE HEO,Kg,
PTT1030,89938534079451,PATE CÁ THU HỘP 500GR,Hộp,
PTT1031,8938529672809,PATE GÀ CÁ TRÍCH HỘP 500GR,Hộp,
PTT1032,89938534079468,PATE CÁ CAM HỘP 500GR,Hộp,
PTT1033,89938534079730,PATE CÁ CAM,Kg,
PTT1034,8938550784045,GÀ XAY HỖN HỢP (800gr),Cây,
PTT1035,8938550784014,SUPER GÀ (800gr),Cây,
PTT1036,8938550784021,THỊT HEO (800gr),Cây,
PTT1037,8938550784069,THỊT BÒ (800gr),Cây,
PTT1038,8938550784243,THỊT HEO (400GR),Cây,
PTT1039,8938550784236,THỊT BÒ (400GR),Cây,
PTT1040,8938550784168,SOUP HEO HẦM,Hộp,
PTT1041,497655585822849,PATE CÁ SABA HỘP 500GR,Hộp,
TAC2049,8938529672557,Pate chó mèo King's Pet By Bao Anh TA hỗn hợp hoàn chỉnh vị heo rau củ 380g,Lon,
TAC2050,8938529672540,Pate chó mèo King's Pet by Bao Anh TA hỗn hợp hoàn chỉnh vị bò rau củ 380g,Lon,
TAC2051,8938529672014,Pate chó mèo King’s Pet TA hỗn hợp hoàn chỉnh vị cá 380g,Lon,
TAC2052,8938529672168,Pate chó mèo King's Pet TA hỗn hợp hoàn chỉnh vị cá hồi 380g,Lon,
TAC2053,8938529672021,Pate chó mèo King’s Pet TA hỗn hợp hoàn chỉnh vị gà 380g,Lon,
TAC2054,8938529672144,Pate chó mèo King's Pet TA hỗn hợp hoàn chỉnh vị gà cá 380g,Lon,
TAC2055,8938529672175,Pate chó mèo King's Pet TA hỗn hợp hoàn chỉnh vị súp cá sốt bò 380g,Lon,
TAC2056,8938529672588,Pate chó mèo King's Pet by Bao Anh TA hỗn hợp hoàn chỉnh vị cá thơm 380g,Lon,
TAC2057,8938529672595,Pate chó mèo King's Pet by Bao Anh TA hỗn hợp hoàn chỉnh vị gà thơm 380g,Lon,
TAC2058,8938529672564,Pate chó mèo King's Pet by Bao Anh TA hỗn hợp hoàn chỉnh vị cá kỷ tử 380g,Lon,
TAC2059,8938529672571,Pate chó mèo King's Pet by Bao Anh TA hỗn hợp hoàn chỉnh vị gà kỷ tử 380g,Lon,
HTPPHU1001,8809570013166,"TA chó, mèo YUM YUM CHEESE MOUSSE CHICKEN 80G",Bịch,
HTPPHU1002,8938562353024,"Xúc xích Yummy vị gà, cá",Gói,
HTPPHU1003,8938562353017,Xúc xích Yummy vị gan,Gói,
HTPPHU1004,8936204291956,Ức gà sấy viên 100g (KAMT G3),Túi,
HTPPHU1005,8936204293431,Xúc xích Doog&Caat vị bò,Gói,
HTPPHU1006,8936204293523,Xúc xích Doog&Caat vị phô mai,Gói,
HTPPHU1007,8936204293424,Xúc xích Doog&Caat vị gà,Gói,
HTPPHU1008,8936204293417,Xúc xích Doog&Caat vị cá,Gói,
HTPPHU2001,8809570012954,"TA chó, mèo COLOSTRUM PROTEIN, CHAP CHAP PET MILK, TWINKLING EYES 150Ml",Bịch,
HTPPHU2002,8809570012428,"TA  chó, mèo COLOSTRUM PROTEIN, CHAP CHAP PET MILK, STRONG JOINTS 150Ml",Bịch,
SCP1001,8935074605337,BIO-MILK FOR PET - 100g/gói,Gói,
SCP1003,020279993001,TA Petlac Powder 300g,Lon,
SCP1100,89938534079456,TABS-Birthright Acidified Baby Animal Milk Replacer - 10 Gói,Gói,
SCP1100,497655585823588,,Hộp,
SNC1091,8936219610056,"TA làm từ ức gà dành cho chó mèo PetQ - Dạng viên vuông nhỏ, màu trắng ngà 200g/gói",Gói,
SNC1092,8936219610063,"TA làm từ ức gà và cỏ mèo dành cho chó mèo PetQ - Dạng viên vuông nhỏ, màu xanh lá 200g/gói",Gói,
SNC1132,6976632560158,BITE OF WILD CAT GRASS FREEZE-DRIED PET TREATS(40G/BAG),Gói,
SNC1135,6976632560219,BITE OF WILD SALMON FREEZE-DRIED PET TREATS (40G/BAG),Gói,
SNC1136,6976632560202,BITE OF WILD SHISHIAMO FISH FREEZE-DRIED PET TREATS(40G/BAG),Gói,
SNC1137,6976632560196,BITE OF WILD CHICKEN LIVER FREEZE-DRIED PET TREATS (40G/BAG),Gói,
SNC1138,6976632560172,BITE OF WILD DUCK FREEZE-DRIED PET TREATS (40G/BAG),Gói,
SNC1139,6976632560165,BITE OF WILD RAW FLESH MEAT FREEZE-DRIED PET TREATS(40G/BAG),Gói,
SNC1140,89938534079518,BITE OF WILD CHICKEN FREEZE-DRIED PET TREATS(40G/BAG),Gói,
SNC1141,6976632560189,BITE OF WILD EGG YOLK FREEZE-DRIED PET TREATS (40G/BAG),Gói,
SNC1164,8936219610018,"TA làm từ ức gà dành cho chó mèo PetQ - Dạng viên vuông nhỏ, màu trắng ngà - 80g/gói",Gói,
SNC1165,8936219610025,"TA làm từ ức gà và cỏ mèo dành cho chó mèo PetQ - Dạng viên vuông nhỏ, màu xanh lá - 80g/gói",Gói,
SNC1166,8936219610032,"TA làm từ lòng đỏ trứng gà dành cho chó mèo PetQ - Dạng viên vuông nhỏ, màu vàng - 80g/gói",Gói,
SNC1167,8936219610049,"TA làm từ gan gà dành cho chó mèo PetQ - Dạng viên vuông nhỏ, màu nâu - 80g/gói",Gói,
SNC1168,8936225441149,"TA làm từ cá hồi dành cho chó mèo PetQ - Dạng viên vuông nhỏ, màu cam - 45g/gói",Gói,
SNC1169,8936219610070,"TA làm từ lòng đỏ trứng gà dành cho chó mèo PetQ - Dạng viên vuông nhỏ, màu vàng - 200g/gói",Gói,
SNC1170,8936219610087,"TA làm từ gan gà dành cho chó mèo PetQ - Dạng viên vuông nhỏ, màu nâu - 200g/gói",Gói,
HVCXXX1001,497655585823102,Lồng cho thú cưng PD-68,Chiếc,
HVCXXX1002,497655585824044,Lồng cho thú cưng PD-48,Cái,
HVCXXX1003,497655585824156,Lồng cho thú cưng PD-58,Cái,
LCP1021,497655585822846,"Lồng Petland,  model: PD-48, Size: L68*W47*H47, 5 cái/thùng,",Chiếc,
LCP1022,497655585822847,"Lồng Petland, model: PD-58, Size: L58*W37*H37, 6 cái/thùng,",Chiếc,
KMP1001,89938534079731,Chế phẩm vệ sinh - khử mùi GoodCalm 20ml,Chai,
KMX1001,9555570900058,"Chai xịt khử mùi Bioion Pets Pounce 500ml, hương Tự nhiên (Không mùi)",Chai,
KMX1002,9555570900669,"Chai xịt khử mùi Bioion Pets Pounce 500ml, hương Ocean",Chai,
KMX1003,9555570900584,"Chai xịt khử mùi Bioion Pets Pounce 500ml, hương Floral",Chai,
KMX1004,9555570903141,"Chai xịt khử mùi Bioion Pets Pounce 500ml,hương Sakura",Chai,
KMX1005,8809243595111,Xịt khử mùi - Deodorant Natural & Clean - 500ml,Chai,
KMX1006,9557837004639,Xịt khử mùi Silvergiene 60ml,Chai,
KMX1007,8850292571014,Xịt Để Ngăn Chó Đi Tiểu BEARING Back Off 250ml,Chai,
STP1040,8935113210003,Khử Mùi Chuồng Trại FAY Deodor Peppermint - 300ml,Chai,
HVSMTX1001,497655585823907,VIRKON S - 500GM BAG,Gói,
TST2000,9557837004674,Vimekon_20g_Gói(pets),Gói,
TST2001,89938534079878,BIOKON - 30g/gói,Gói,
HVSNHP1001,6937082506738,"Tinh dầu  Show Queen, dung tích 100ml/chai.",Chai,
HVSNHP1002,497655585824055,Nước hoa Boss 4 - 5ml,Chai,
HVSNHP1003,497655585824056,Nước hoa Boss 1 - 5ml,Chai,
HVSNHP1004,497655585824057,Nước hoa Boss 3 - 5ml,Chai,
NHP1002,8809058110608,Nước hoa khử mùi và mềm lông 300ml,Chai,
NHP1003,89938534079655,LUXURY PERFUME 10ml,Chai,
NHP1004,693708250673,Dầu dưỡng cho lông động vật Pet Essential oil SQ6738,Chai,
NHP1005,8936189710657,Dưỡng lông RELAX M7 - Dung tích 50ml,Chai,
NHP1006,8938556520975,Gel dưỡng lông hương hoa Hồng Pháp 100ml (Krill),Chai,
NHP1007,8938556520968,Gel dưỡng lông hương hoa hồng và linh lan 100ml (Krill),Chai,
NHP1008,8938556520982,Gel dưỡng lông hương lavender 100 ml (Krill),Chai,
NHP1009,8938556520999,Gel dưỡng lông hương nước hoa 100 ml (Krill),Chai,
NHP1010,8938556520111,Nước hoa thú cưng hương Lavie 30ml (Krill),Chai,
NHP1011,8938556520203,Nước hoa thú cưng hương Mirelle 30ml (Krill),Chai,
NHP1012,8938556520128,Nước hoa thú cưng hương Trầm Kỳ Nam 30ml (Krill),Chai,
HVSSTP0001,497655585824072,ST Palma Babi - 300ml,Chai,
HVSSTP0002,497655585824073,ST Palma Aura - 300ml,Chai,
HVSSTP0003,497655585824074,ST Palma De-O - 300ml,Chai,
HVSSTP0004,497655585824075,ST Palma Silky - 300ml,Chai,
HVSSTP1001,497655585824080,ST Modern Pet Gel Plus - 4 Lít,Chai,
HVSTSP1001,8935020324459,Micona Shampoo_200ml_Chai,Chai,
KB01,89938534079465,EL300100 Bayopet Conditioning Shampoo,Chai,
KB02,89938534079466,EL300101 Bayopet Moisturizing and Antiseptic Shampoo,Chai,
STP1001,8935113206037,Dầu Tắm FAY 5 Sao - 800ml,Chai,
STP1002,8935113202077,Dầu Tắm FAY Puppy - 300ml,Chai,
STP1003,8935113202183,Sữa Tắm FAY Medicare - 290ml,Tuýp,
STP1004,8935113206013,Dầu Tắm FAY 5 Sao - 300ml,Chai,
STP1005,8935113202169,Sữa Tắm FAY Siêu Mượt En-Rosely - 300ml,Chai,
STP1006,8935113200462,Xua Đuổi Chó Mèo FAY Repell - 200ml,Chai,
STP1007,8935113211123,Dầu Tắm Palma Care - 300ml,Chai,
STP1008,8935113211710,Dầu Tắm Palma Total - 300ml,Chai,
STP1009,8935113203029,Dầu Tắm FAY 3 Sao - 800ml,Chai,
STP1010,8935113202121,Sữa Tắm FAY Siêu Mượt En-Rosely - 800ml,Chai,
STP1011,8935113211222,Dầu Tắm Palma Act - 300ml,Chai,
STP1012,8935113211321,Dầu Tắm Palma Pro - 300ml,Chai,
STP1013,8935113202022,Dầu Tắm FAY 4 Sao - 800ml,Chai,
STP1014,8935113202190,Dầu Tắm FAY Puppy - 800ml,Chai,
STP1024,8809058110851,Dầu xả nha đam 750ml- aloe rince,Chai,
STP1025,8809058110844,Dầu gội Olive 750ml,Chai,
STP1026,8809058110837,Dầu gội nha đam lông dài 750ml- long coat,Chai,
STP1027,8809058110820,Dầu gội nha đam lông ngắn 750ml- short coat,Chai,
STP1028,4712364306228,ST YÚ hương Anh Đào 400ml,Chai,
STP1029,4712364300158,ST YÚ hương Bạch Quả 400ml,Chai,
STP1030,4712364300172,ST YÚ hương Hà Thủ Ô 400ml,Chai,
STP1031,4712364308048,ST YÚ hương Hoa Lan 400ml,Chai,
STP1032,4712364300141,ST YÚ hương Hoa Sen 400ml,Chai,
STP1033,4712364306365,ST YÚ hương Hoa Trà 400ml,Chai,
STP1034,4712364300349,ST YÚ hương Hoa Tự Nhiên 400ml,Chai,
STP1035,4712364306389,ST YÚ hương Lựu Đỏ 400ml,Chai,
STP1036,4712364300165,ST YÚ hương Mẫu Đơn 400ml,Chai,
STP1037,4712364306150,ST YÚ hương Vải Thiều 400ml,Chai,
STP1038,4712364300134,ST YÚ hương Ý Dĩ 400ml,Chai,
STP1039,8938552125020,Sữa tắm chó mèo Diva Hồng (Formula 2) 260 ml,Chai,
STP1041,8935113202015,Dầu Tắm FAY 4 Sao - 200ml,Chai,
STP1042,8935113202008,Dầu Tắm FAY 4 Sao - 300ml,Chai,
STP1043,8809058117546,Dầu gội nha đam lông ngắn 300ml- short coat,Chai,
STP1044,8809058117560,Dầu xả nha đam 300ml - aloe rince,Chai,
STP1045,8809058114347,Dầu gội lông trắng 550ml- white coat,Chai,
STP1046,8809058113463,Dầu gội 3 trong 1 550ml,Chai,
STP1047,6925677020134,Sữa tắm SOS xanh dương lông màu trắng (530ml),Chai,
STP1048,6925677020165,Sữa tắm SOS hồng lông mịn (530ml),Chai,
STP1049,6925677020141,Sữa tắm dành riêng cho động vật có lông đỏ nhãn hiệu SOS (530ml),Chai,
STP1050,6925677020158,Sữa tắm dành riêng cho động vật chống rụng lông nhãn hiệu SOS (530ml),Chai,
STP1051,6925677020127,"Sữa tắm dành riêng cho động vật có lông mịn mượt, nhãn hiệu SOS (530ml)",Chai,
STP1055,8935113203012,Dầu Tắm FAY 3 Sao - 200ml,Chai,
STP1056,8935113222204,Dầu Tắm Plotoon Deodor - 300ml,Chai,
STP1057,8935113230308,Dầu Tắm Plotoon Volumize - 300ml,Chai,
STP1058,8809058113456,Dầu gội Baby Powder 550ml,Chai,
STP1059,8935074630810,SILKY - 200ml/chai,Chai,
STP1060,8935113202060,Dầu Tắm FAY Puppy - 200ml,Chai,
STP1061,8936204290195,"Sữa tắm diệt ve rận, bọ chét dành riêng cho chó mèo, dung tích 450ml, nhãn hiệu Olive",Chai,
STP1062,8936204290164,"Sữa tắm cho lông đỏ và lông sẫm màu dành riêng cho chó mèo, dung tích 450ml, nhãn hiệu Olive",Chai,
STP1064,8936204290171,"Sữa tắm làm đẹp chống rụng lông dành riêng cho chó mèo, dung tích 450ml, nhãn hiệu Olive",Chai,
STP1065,89938534079695,Yoko Shampoo Winter F4 (2Lít/can),Can,
STP1066,89938534079696,Yoko Shampoo Summer F3 (2Lít/can),Can,
STP1067,89938534079697,Yoko Shampoo Spring F2 (2 Lít/can),Can,
STP1068,89938534079698,Yoko Shampoo Autumn F1 (2 Lít/can),Can,
STP1069,6925677001928,"Sữa tắm dành riêng cho động vật nhiều ve, rận, dung tích 530ml, nhãn hiệu SOS PRO",Chai,
STP1070,6925677001935,"Sữa tắm dành riêng cho động vật lông mịn mượt, dung tích 530ml, nhãn hiệu SOS PRO",Chai,
STP1071,6925677001942,"Sữa tắm dành riêng cho động vật, dung tích 530ml, nhãn hiệu SOS PRO",Chai,
STP1075,8935113203005,Dầu Tắm FAY 3 Sao - 300ml,Chai,
STP1076,8938552413004,YOKO SHAMPOO SPRING F2 (450ML/CHAI),Chai,
STP1077,8938552413011,YOKO SHAMPOO SUMMER F3 (450ML/CHAI),Chai,
STP1078,8938552413028,YOKO SHAMPOO AUTUMN F1 (450ML/CHAI),Chai,
STP1079,9556106010159,Dầu gội thú cưng Snappy Tom Pet Shampoo with Conditioner - Baby Powder,Chai,
STP1079,497655585823378,,Thùng,
STP1080,9556106013167,Dầu gội thú cưng Snappy Tom Pet Shampoo with Conditioner - Green Apple,Chai,
STP1080,497655585823379,,Thùng,
STP1081,9556106010142,Dầu gội thú cưng Snappy Tom Pet Shampoo with Conditioner - Rose,Chai,
STP1081,497655585823380,,Thùng,
STP1083,8936204290188,"Sữa tắm cho lông trắng và lông sáng màu dành riêng cho chó mèo, dung tích 450ml, nhãn hiệu Olive",Chai,
STP1084,8935113200509,Xua Đuổi Chó Mèo FAY Repell - 400ml,Chai,
STP1085,497655585822850,Dầu tắm Modern Pet Gel Plus - 500 ml,Chai,
STP2001,4712364308109,ST khô Yú hương Anh Đào 145ml,Chai,
STP2002,4712364308093,ST khô Yú hương Mẫu Đơn 145ml,Chai,
STP5002,877179007471,ST KetoHexadine,Chai,
STP5003,877179007013,ST Miconazole,Chai,
STP5004,877179007631,ST MicoHexadine,Chai,
STP5005,9557837004689,Micona Shampoo_120ml_Chai,Chai,
STP5006,8935020326859,Vime Shampo 300ml Chai,Chai,
STP5007,877179007181,ST Chlohexidine,Chai,
STP5008,877179007228,ST Maximum Chlohexidine,Chai,
STP5013,9349474000453,Thuốc thú y Dermcare Malaseb Medicated Foarm 250 ml,Chai,
STP5014,877179007129,ST Melaleuca,Chai,
STP5015,8809167910977,Sữa tắm Prunus Micochlodine Shampoo 200g,Chai,
STP5016,8935074653161,BIO-SHAMPOO 5 (DERMA) - 150ml/chai,Chai,
STP5017,087717900373,ST Premium Color Enhancing,Chai,
STP5018,8938541565691,Sữa tắm ướt thú cưng hương hoa hồng và linh lan 580ml,Chai,
STP5019,8938541565813,Sữa tắm ướt thú cưng hương Lavender 580ml,Chai,
STP5020,8938541565714,Sữa tắm ướt thú cưng hương nước hoa 580ml,Chai,
STP5021,8938541565820,Sữa tắm ướt thú cưng hương hoa hồng Pháp 580ml,Chai,
STP5022,8938556520043,Sữa tắm ướt hương nước hoa-300ml,Chai,
STP5023,8938556520029,Sữa tắm ướt hương hoa hồng Pháp300ml,Chai,
STP5024,8938556520036,Sữa tắm ướt hương Lavender-300ml,Chai,
STP5025,8938556520104,"Sữa tắm ướt thú cưng hỗ trợ trị nấm, viêm da 300ml",Chai,
STP5026,8938556520098,"Sữa tắm ướt thú cưng hỗ trợ trị ve, bọ chét 300m",Chai,
STP5027,89938534079653,Thuốc thú y Dermcare Malaseb Medicated Foarm 1000 ml,Chai,
STP5029,8938552413097,Thuốc thú y - Yoko Special (450ml/chai),Chai,
HVSTST1001,497655585823126,Vime Iodine (GSGC) 120ml Chai,Chai,
VSP1001,8809058114798,Dung dịch vệ sinh 80ml- good pp,Chai,
VSP1002,8809058114767,Dung dịch rửa tai 100ml- good ears,Chai,
VSP1003,8809167910243,DUNG DỊCH VỆ SINH TAI PRUNUS AROMA EAR CLEANSER 120ML,Chai,
VSP1004,736990004246,Làm sạch răng 8Oz-DF Plaque & Tartar,Chai,
VSP1007,8809167911592,DUNG DỊCH VỆ SINH TAI  DR. HEALMEDIX OTIX - QURE 120ML,Lọ,
VSP1007,497655585823384,,Chai,
VSP1009,8809058114781,Dung dịch vệ sinh răng 100ml- Dental Clean,Chai,
VSP1010,8809058114750,Dung dịch làm sạch mắt 100ml,Chai,
VSP1011,8809058114736,Nước xịt thơm miệng 100ml,Chai,
VSP1012,8936204290652,Bột vệ sinh tai Alkinlab,Hộp,
HVTGON0000,497655585823771,Bông thấm nước 1 kg,Kg,
HVTGTP0001,497655585823772,Găng tay phẫu thuật tiệt trùng 6.5,Đôi,
HVTGTP0002,497655585823773,Găng tay phẫu thuật tiệt trùng 7.0,Đôi,
HVTGTP0003,497655585823774,Găng tay phẫu thuật tiệt trùng 7.5,Đôi,
HVTGTP0004,497655585824034,Găng tay phẫu thuật tiệt trùng 8.0,Đôi,
HVTGTXCB01,497655585823775,Găng tay cao su y tế có bột cỡ S,Đôi,
HVTGTXCB01,497655585823776,,Hộp,
HVTGTXCB02,497655585823777,Găng tay cao su y tế có bột cỡ M,Đôi,
HVTGTXCB02,497655585823778,,Hộp,
HVTGTXCB03,497655585823779,Găng tay cao su y tế có bột cỡ L,Đôi,
HVTGTXCB03,497655585823780,,Hộp,
HVTGTXKB01,497655585823783,Găng tay cao su y tế không bột cỡ S,Đôi,
HVTGTXKB01,497655585823784,,Hộp,
HVTGTXKB02,497655585823781,Găng tay cao su y tế không bột cỡ M,Đôi,
HVTGTXKB02,497655585823782,,Hộp,
HVTGTXKB03,497655585823785,Găng tay cao su y tế không bột cỡ L,Đôi,
HVTGTXKB03,497655585823786,,Hộp,
HVTKCB0001,497655585823788,Gel KY  - Thổ Nhĩ Kỳ,Tube,
HVTKCB0002,497655585823789,Lưỡi dao mổ 15 - Ấn,Cái,
HVTKCB0003,497655585824038,Dây truyền dịch,Sợi,
HVTKCB0004,497655585824040,Dây truyền máu,Sợi,
HVTKCB0005,497655585824041,Kim châm cứu Khánh Phong số 2 (0.3*25),Cái,
HVTKCB0005,497655585824042,,Hộp,
HVTKCB1006,497655585824300,Dây truyền dịch AM,Sợi,
HVTKCB1007,497655585824301,Băng lụa Urgo 2.5,Cuộn,
HVTKIB0001,497655585823790,Bơm tiêm 1cc + kim26,Cái,
HVTKIB0001,497655585823791,,Hộp,
HVTKIB0002,497655585823792,Bơm tiêm 3cc + kim23,Cái,
HVTKIB0002,497655585823793,,Hộp,
HVTKIB0003,497655585823794,Bơm tiêm 5cc + kim23,Cái,
HVTKIB0003,497655585823795,,Hộp,
HVTKIL0001,497655585823796,Kim Luồn 22,Cây,
HVTKIL0002,497655585823797,Kim Luồn 24,Cây,
HVTKIL0003,497655585823798,Kim Luồn 26,Cây,
HVTKIM1001,497655585824049,Đầu kim 23G,Cây,
HVTKIM1002,497655585824050,Đầu kim 25G,Cây,
HVTKIN0001,497655585823801,Đầu kim 18G (VTYT),Cây,
HVTKIN0002,497655585823800,Đầu kim 23G (VTYT),Cây,
HVTKIN0003,497655585823799,Đầu kim 26G (VTYT),Cây,
HVTKSĐ1001,497655585823900,Màng nhôm DMD 37.5 SQFT,Cuộn,
HVTKSĐ1002,497655585823901,Chất môi trường. Mannitol Salt Agar Base (Himedia) M118-500G,Chai,
HVTKSĐ1003,497655585824025,Chất môi trường Mueller Hinton Agar (Himedia) M173-500G,Chai,
HVTKSĐ1004,497655585824027,Bóng đèn UV 45cm,Cái,
HVTKSĐ1005,497655585824297,Ống nghiệm 13 x100 (mm),Cái,
HVTNKQ0001,497655585823802,Ống nội khí quản có bóng 2.0,Cái,
HVTNKQ0002,497655585823803,Ống nội khí quản có bóng 2..5,Cái,
HVTNKQ0003,497655585823804,Ống nội khí quản có bóng 3.0,Cái,
HVTNKQ0004,497655585823805,Ống nội khí quản có bóng 3..5,Cái,
HVTNKQ0005,497655585823806,Ống nội khí quản có bóng 4.0,Cái,
HVTNKQ0006,497655585823807,Ống nội khí quản có bóng 4..5,Cái,
HVTNKQ0007,497655585823808,Ống nội khí quản có bóng 5.0,Cái,
HVTNKQ0008,497655585823809,Ống nội khí quản có bóng 5..5,Cái,
HVTNKQ0009,497655585823810,Ống nội khí quản có bóng 6.0,Cái,
HVTNKQ0010,497655585823811,Ống nội khí quản có bóng 6..5,Cái,
HVTNKQ0011,497655585823812,Ống nội khí quản có bóng 7.0,Cái,
HVTNKQ0012,497655585823813,Ống nội khí quản có bóng 7..5,Cái,
HVTPTA0002,497655585823814,Áo mổ 2,Cái,
HVTPTA0003,497655585823815,Áo mổ 3,Cái,
HVTPTC1002,497655585823316,Chỉ nylon 2/0 M30E26,Tép,
HVTPTC1003,497655585823816,Chỉ nylon 3/0 M20E20,Tép,
HVTPTC1004,497655585823817,Chỉ nylon 4/0 M15E18,Tép,
HVTPTC2001,497655585823315,Chỉ Vicryl 1 W9431,Tép,
HVTPTC2002,497655585823821,Chỉ Vicryl 2/0 W9121,Tép,
HVTPTC2003,497655585823819,Chỉ Vicryl 3/0 W9120,Tép,
HVTPTC2004,497655585823818,Chỉ Vicryl 4/0 W9113,Tép,
HVTPTC3002,497655585823820,Chỉ Chromic 2/0,Tép,
HVTPTC3003,497655585823822,Chỉ Chromic 3/0,Tép,
HVTPTG1001,497655585823823,Gạc tiệt trùng 10x10x8L,Miếng,
HVTPTG1001,497655585823824,,Gói,
HVTPTG1002,497655585823825,Gạc chưa tiệt trùng 10x10x8L,Miếng,
HVTPTG1002,497655585823826,,Hộp,
HVTPTG1003,497655585824296,Gạc cuộn,Cuộn,
HVTPTK0000,497655585824039,Khăn phẫu thuật nylon 100x130cm Tiệt trùng - xanh,Cái,
HVTPTN0000,497655585823827,Nón mổ,Cái,
HVTPTS1001,497655585823828,Săng mổ vải 60 x 80,Cái,
HVTPTS1002,497655585823829,Săng mổ vải 50 x 50,Cái,
HVTPTS1003,497655585823830,Săng mổ vải 80 x 80,Cái,
HVTTHO1001,497655585823831,Thông dạ dày có nắp 12,Cái,
HVTTHO1002,497655585823832,Thông dạ dày có nắp 8,Cái,
HVTTHO1003,497655585823833,Thông dạ dày có nắp 6,Cái,
HVTTHO1004,497655585824030,Thông dạ dày có nắp 10,Cái,
HVTXNC0001,497655585823834,Lamelle 22x22,Cái,
HVTXNC0001,497655585823835,,Hộp,
HVTXNC0002,497655585823836,Lam kính 7105,Miếng,
HVTXNC0002,497655585823837,,Hộp,
HVTXNC0003,497655585823838,"Que lấy dịch mũi, miệng",Cái,
HVTXNC0004,497655585823902,Tăm bông bệnh phẩm vô trùng,Que,
HVTXNC0005,497655585823905,Đầu côn vàng (Biologix),Cái,
HVTXNC0005,497655585823906,,Gói,
HVTXNC0006,497655585824026,Nước cất 1 lần,Lít,
HVTXNC0007,497655585824036,Túi ép tiệt trùng cắt sẵn 250mm*(370+30)mm PT. Hộp 200 cái,Cái,
HVTXNC0007,497655585824037,,Hộp,
HVTXNC1006,497655585824298,Đầu côn xanh,Cái,
HVTXNC1006,497655585824299,,Gói,
HVTXNM0001,497655585823839,Ống mao dẫn (Hematorit)    ( Hirschmann Laborgerate GmbH & Co.KG.Hautpstrasse/Đức)   Tube / 100 ống,Ống,
HVTXNM0002,497655585823840,Tube  EDTA K2  (Hồng Thiện Mỹ / Việt Nam),Cái,
HVTXNM0003,497655585823841,"Ống nghiệm EDTAK3  0.5 ml nắp bật( Nhi ) màu trắng , mouse thấp  (Hồng Thiện Mỹ / Việt Nam)",Ống,
HVTXNM0004,497655585823842,Tube  Heparin  (Hồng Thiện Mỹ / Việt Nam),Ống,
HVTXNM0005,497655585823903,Lọ nhựa đựng mẫu PS 50ml HTM nắp đỏ,Cái,
HVTXNM0006,497655585823904,Ống nghiệm nhựa PS 5ml nắp trắng,Cái,
HVTCAN0000,497655585824033,Can nhựa 30Lít,Cái,
HVTXXX0000,497655585823843,"Điện cực dán dùng 1 lần, model: F-TB1 (Skintact) (1 gói/30 cái)",Gói,
HVTXXX0001,497655585824035,Túi máu đơn 250ml,Cái,
HVTXXX0002,497655585824043,Đếm thuốc inox lớn (18x13x1),Cái,
CĐTVAC1001,89938534079701-,RECOMBITEK FL C6/CV 1ds,Lọ,
VAC1003,9557837004676,VẮC XIN THÚ Y - VANGUARD RABIES 3 YEAR (1 DOSE),Lọ,
VAC1006,89938534079701,RECOMBITEK FL C6/CV 1ds,Lọ,
LC001-1,497655585823970,Lưu chuồng dưới 3Kg,Lần,
LC001-2,497655585823971,Lưu chuồng 3Kg - 5kg,Lần,
LC001-3,497655585823972,Lưu chuồng 5Kg - 7kg,Lần,
LC001-4,497655585823973,Lưu chuồng 7Kg - 10kg,Lần,
LC001-5,497655585823974,Lưu chuồng 10Kg - 15kg,Lần,
LC001-6,497655585823975,Lưu chuồng 15Kg - 20kg,Lần,
LC001-7,497655585823976,Lưu chuồng trên 20kg,Lần,
LC002-1,497655585823977,Lưu chuồng dưới 3Kg (lễ tết),Lần,
LC002-2,497655585823978,Lưu chuồng 3Kg - 5kg (lễ tết),Lần,
LC002-3,497655585823979,Lưu chuồng 5Kg - 7kg (lễ tết),Lần,
LC002-4,497655585823980,Lưu chuồng 7Kg - 10kg (lễ tết),Lần,
LC002-5,497655585823981,Lưu chuồng 10Kg - 15kg (lễ tết),Lần,
LC002-6,497655585823982,Lưu chuồng 15Kg - 20kg (lễ tết),Lần,
LC002-7,497655585823983,Lưu chuồng trên 20kg (lễ tết),Lần,
CVS1001,638499215874,Cát vệ sinh cho mèo có thành phần bã đậu 2kg hương trà xanh (ACRO PET- Cát vệ sinh mèo Tofu 5L),Túi,
CVS1002,638499215867,Cát vệ sinh cho mèo có thành phần bã đậu 2kg hương lavender (ACRO PET- Cát vệ sinh mèo Tofu 5L),Túi,
CVS1003,8938551644447,Cát tofu cao cấp 100% đậu nành 7l Mùi Đào,Bao,
CVS1004,8938551644546,Cát tofu cao cấp 100% đậu nành 7l Mùi Sữa,Bao,
CVS1005,8858788708487,Hạt hương Baby Powder 5L,Bịch,
CVS1006,8858788708470,Hạt hương Chanh 5L (Lemon),Bịch,
CVS1007,8857878708623,Hạt hương Cherry 5L (Cherry Blossom),Bịch,
CVS1008,8858788708500,Hạt hương Hoa Quả 5L (Mix Berries),Bịch,
CVS1009,8858788708494,Hạt hương Lavender 5L,Bịch,
CVS1010,8858788708517,Hạt hương Táo 5L (Apple),Bịch,
CVS1011,8858788708630,Hạt hương Than Củi 5L (Charcoal),Bịch,
CVS1012,6975439400513,Cát đậu phụ cho mèo đi vệ sinh Catsme Premium 7L hương đào,Túi,
CVS1013,6975439400506,Cát đậu phụ cho mèo đi vệ sinh Catsme Premium 7L hương kẹo chewing gum,Túi,
CVS1014,6975439400490,Cát đậu phụ cho mèo đi vệ sinh Catsme Premium 7L hương hoa nhài,Túi,
CVS1015,6972229785669,Cát đậu phụ cho mèo đi vệ sinh Catsme 6L than hoạt tính,Túi,
CVS1016,6972229785652,Cát đậu phụ cho mèo đi vệ sinh Catsme 6L mùi sữa,Túi,
CVS1017,6972229785645,Cát đậu phụ cho mèo đi vệ sinh Catsme 6L mùi trà xanh,Túi,
CVS1018,6972229785638,Cát đậu phụ cho mèo đi vệ sinh Catsme 6L mùi cafe,Túi,
CVS1019,697098989795,CATURE CASSAVA CAT LITTER EARL GREY SCENT 2.5KG,Gói,
CVS1020,697098989796,CATURE CASSAVA CAT LITTER CHAMOMILE SCENT 2.5KG,Gói,
CVS1021,8938551644645,Cát tofu cao cấp 100% đậu nành 7l Mùi Kẹo Lollipop,Bao,
CVS1024,40029732011,Cát vệ sinh hữu cơ vón cục khử mùi và vi trùng Cat's Best Original - 5.2kg (12L),Gói,
CVS1025,8938551644393,Cát vệ sinh đậu nành trộn cát bã sắn đập - hương kẹo mút (Soybean Mix Cassava Cat Litter Lollipop Scented),Túi,
CVS1026,6975029710121,"Cát Vệ Sinh Cho Mèo Làm Từ Bã Đậu Nành-Tofu Cat Litter, Thành Phần Chính Từ Bột Đậu Nành, Đã Sấy Khô Mùi Tự Nhiên, Nw: 6L 2.5 Kg/ Túi",Túi,
CVS1027,400297300089,Lót ổ vệ sinh thú cưng Original - 2.1kg,Gói,
CVS1028,400297323404,Lót ổ vệ sinh thú cưng Sensitive 2.9kg,Gói,
CVS1036,400297320213,Lót ổ vệ sinh thú cưng Smart Pellet 2.5kg,Gói,
MCAXXX1001,497655585823309,Cát Bentonite hương táo 8kg/gói,Gói,
MCAXXX1002,497655585823310,Cát Bentonite hương em bé 8kg/gói,Gói,
MCAXXX1003,497655585824012,Cát Bentonite hương cà phê 8kg/gói,Gói,
MCAXXX1004,497655585824013,Cát Bentonite hương hoa hồng 8kg/gói,Gói,
MCAXXX1005,497655585824014,Cát Bentonite hương oải hương 8kg/gói,Gói,
MCAXXX1006,497655585824015,Cát Bentonite hương cà phê 4kg/gói,Gói,
MCAXXX1007,497655585824016,Cát Bentonite hương táo 4kg/gói,Gói,
MCAXXX1008,497655585824017,Cát Bentonite hương hoa hồng 4kg/gói,Gói,
MCAXXX1009,497655585824018,Cát Bentonite hương em bé 4kg/gói,Gói,
MCAXXX1010,497655585824019,Cát Bentonite hương oải hương 4kg/gói,Gói,
MCAXXX1012,6970989897950,Cát sắn CATURE CASSAVA CAT LITTER EARL GREY SCENT 2.5KG,Gói,
MCAXXX1013,6970989897967,Cát sắn CATURE CASSAVA CAT LITTER CHAMOMILE SCENT 2.5KG,Gói,
MCAXXX1014,8936183000563,Cát sắn tự nhiên cho mèo 2.5kg,Túi,
MCAXXX1015,8936183000570,Cát đậu nành tự nhiên cho mèo 2.5kg,Túi,
MCAXXX1016,4002973201169,Cát vệ Sinh hữu cơ Original 4.3kg,Gói,
MCAXXX1017,4002973000892,Cát vệ Sinh hữu cơ Original 2.1kg,Gói,
MCAXXX1018,4002973234044,Cát vệ Sinh hữu cơ Sensitive 2.9kg,Gói,
MCAXXX1019,4002973202135,Cát vệ sinh hữu cơ Smart Pellets 2.5kg,Gói,
MCNXXX1001,664533287927-,TABS 120g (Hairball) (KC87927),Hộp,
PC51O01,8936221911141,Prolax (cat)_ống 5ml_Hộp 10 ống,Ống,
PC51O01,497655585823544,,Hộp,
TAC2098,8857127009025,TA chăn nuôi VF+ Core LS - Hộp 30 gói 12g,Gói,
TAC2098,497655585823602,,Hộp,
TAC2099,8857127009537,TA chăn nuôi VF+ Core AA - Hộp 30 gói 12g,Gói,
TAC2099,497655585823597,,Hộp,
TAC2100,8857127009407,TA chăn nuôi VF+ Core BI - Hộp 30 gói 12g,Gói,
TAC2100,497655585823598,,Hộp,
TAC2101,8857127009421,TA chăn nuôi VF+ Core FB - Hộp 30 gói 12g,Gói,
TAC2101,497655585823599,,Hộp,
TAC2102,8857127009216,TA chăn nuôi VF+ Core Feline Vitality - Hộp 30 gói 12g,Gói,
TAC2102,497655585823600,,Hộp,
TAC2103,8857127009278,TA chăn nuôi VF+ Core KC - Hộp 30 gói 12g,Gói,
TAC2103,497655585823601,,Hộp,
TAC2104,8857127009292,TA chăn nuôi VF+ Core SK - Hộp 30 gói 12g,Gói,
TAC2104,497655585823604,,Hộp,
TAC2105,8857127009551,TA chăn nuôi VF+ Core UC - Hộp 30 gói 12g,Gói,
TAC2105,497655585823605,,Hộp,
TAC2112,8857127009049,TA chăn nuôi VF+ Core RB - Gói 12g (VN),Gói,
TAC2112,497655585823603,,Hộp,
TCN1017,89938534079895,TABS chăn nuôi Salmon Oil chai 100ml,Chai,
TCN2002,8935020335820,Hairball cure 50g Tube,Tuýp,
TCN2017,8809844870136,"TABS cho mèo - 10KD (for Cat) ; 1 gói/1 gam, 30 gói/hộp",Gói,
TCN2017,497655585823581,,Hộp,
TCN2019,8809844870020,TABS cho mèo - T - Flora (for Cat),Gói,
TCN2019,497655585823583,,Hộp,
TCN2020,8809844870174,TA bố sung cho mèo - Immuno G (for Cat),Gói,
TCN2020,497655585823582,,Hộp,
TCN2036,026664003669,TA cho mèo Hairball 30V,Viên,
TCN2036,497655585823610,,Gói,
TCN2054,89938534079470,TA cho mèo L-Lysine 60V,Viên,
TCN2054,497655585823611,,Gói,
TCN2060,020279991489,TABS cho chó mèo 100g (Hairball Solution),Tuýp,
TCN2063,8938564626027,Dầu Cá Hồi Omega Oil For Pet (Mèo) 150ml Q8,Chai,
TCN2072,664533287927,TABS 120g (Hairball) (KC87927),Hộp,
TCN2700,664533287965,TABS 120g (Urinary Care) (KC87965),Hộp,
TCN2701,664533287958,TABS 120g (Weight Gain) (KC87958),Hộp,
KVS1006,9557837004722,"Khay vệ sinh nhựa, model: LS224, hiệu Petland,",Chiếc,
KVS2001,89938534079676,"Khay vệ sinh mèo loại to ZHD0003, kt 52x40x23cm bằng nhựa, không phụ kiện,",Chiếc,
KVS2002,89938534079675,"Nhà vệ sinh mèo ZHD0001, kt 51x35x34cm bằng nhựa, không phụ  kiện,",Chiếc,
KVS2003,89938534079908,"Khay vệ sinh  hình vịt size đại,  kt 53x43x25mm, CAT LITTER BOX812,",Chiếc,
KVS2004,89938534079909,"Khay vệ sinh  hình vịt size trung,, kt 48x35x20mm, CAT LITTER BOX811,",Chiếc,
KVS2007,497655585823050,KHAY VỆ SINH CHO MÈO YD-055,Cái,
KVS2008,497655585823051,KHAY VỆ SINH CHO MÈO YD-053,Cái,
KVS2009,497655585823052,KHAY VỆ SINH CHO MÈO YD-051,Cái,
KVS2010,497655585823053,KHAY VỆ SINH CHO MÈO YD-028,Cái,
KVS2011,497655585823054,KHAY VỆ SINH CHO MÈO YD-025,Cái,
KVS2012,497655585823055,KHAY VỆ SINH CHO MÈO YD-024,Cái,
KVS2013,497655585823056,KHAY VỆ SINH CHO MÈO YD-023,Cái,
KVS2014,497655585823057,KHAY VỆ SINH CHO MÈO YD-018,Cái,
KVS2015,497655585823058,KHAY VỆ SINH CHO MÈO YD-019,Cái,
KVS2016,497655585823072,KHAY VỆ SINH CHO MÈO YD-049,Cái,
KVS2017,497655585823073,KHAY VỆ SINH CHO MÈO YD-048,Cái,
MDCKVS1001,497655585823105,"Khay vệ sinh mèo, Model: CW335, kt: 37.5*41*14cm,",Cái,
MDCKVS1002,497655585823106,"Khay vệ sinhmèo, Model: 8801 kt: 54*45*27cm",Cái,
KVS2005,497655585823048,KHAY VỆ SINH CHO MÈO YD-057,Cái,
KVS2006,497655585823049,KHAY VỆ SINH CHO MÈO YD-056,Cái,
KVS2018,497655585823085,KHAY VỆ SINH CHO MÈO YD-033,Cái,
NVS1001,89938534079485,"Nhà vệ sinh mèo hai cửa, kích thước 52*40*64cm,",Cái,
NVS1002,89938534079674,"Nhà vệ sinhchó mèo TOILT LS229-1, kt 57x45x4.5cm",Chiếc,
NVS1003,89938534079750,"Nhà vệ sinhmèo, model: 0192, kích thước:45*34*39cm,",Cái,
NVS1004,89938534079910,Nhà vệ sinh mèo hình tai thỏ CAT LITTER BOX(191) .,Cái,
NVS1005,89938534079934,"Nhà vệ sinh mèo, kích thước 48*35*36cm, kèm xẻng",Cái,
NVS1006,89938534079935,"Nhà vệ sinh mèo, kích thước 53*38*38CM,  kèm xẻng",Cái,
MDCXXX1001,497655585824177,Xẻng hốt phân Nature gold,Cái,
MDCXXX1002,497655585824200,Thảm hứng cát mèo lớn,Cái,
PKP1082,89938534079968,"Xẻng ray vệ sinh cát  bằng inox, kt (30*14*6)cm",Cái,
PKP1090,497655585822859,"Xẻng xúc cát vệ sinh cho mèo, mã 055537,  thép không gỉ và cán gỗ 28cm,",Cái,
PKP1091,497655585822860,Găng tay tắm cho vật nuôi làm từ plastic 084404,Chiếc,
PKP1120,497655585823022,Hốt phân,Cái,
DCP1007,89938534079635,Đồ chơi cần câu ký hiệu: A-0627-5B,Cái,
DCP1009,89938534079668,"Đồ chơi dành cho thú cưng, bằng nhựa, kiểu cần câu dài dẻo lông vũ, không hiểu CAT TEASERdmb005, mới 100%",Chiếc,
DCP1047,497655585822675,Đồ chơi cần câu ký hiệu: T-0822-2C/T-0830-3/T-0901-2,Cái,
DCP1048,497655585822676,Đồ chơi cần câu ký hiệu: A-1219-3,Cái,
DCP1050,497655585822717,"Phụ kiện cho thú cưng: Bàn cào móng cho thú cưng (mèo), ký hiệu: X-0907-12",Cái,
DCP1051,497655585822747,"Đồ chơi cần câu  cho thú cưng, ký hiệu: 5A",Cái,
DCP1060,4976555841947,Nôi dây thừng mèo cào #84194,Cái,
DCP1061,497655585822884,Phụ kiện cho thú cưng: Bàn cào móng cho thú cưng (mèo) size nhỏ,Cái,
DCP1062,497655585822885,Đồ chơi cho mèo bằng giấy mẫu ổ nằm size M 40cm,Cái,
DCP1066,497655585822953,Đồ chơi thú cưng bằng vải hình con cá (Có lục lạc),Cái,
DCP1067,497655585822954,Đồ chơi thú cưng bằng vải hình con cá size 1,Cái,
DCP1068,497655585822955,Đồ chơi thú cưng bằng vải hình con cá size 2,Cái,
DCP1069,497655585822956,Đồ chơi cho mèo bằng giấy mẫu ổ nằm size 30cm,Cái,
DCP1070,497655585822958,Cá nhồi bông 3D (kèm USB),Cái,
DCP1071,497655585822992,Đồ chơi cho mèo catnip (ZHD0011),Cái,
DCP1072,497655585822993,Đồ chơi cho mèo catnip (ZHD0010),Cái,
DCP1075,497655585823021,Đồ chơi cho mèo bằng giấy mẫu ổ nằm size đại 50cm,Cái,
DCP2001,89938534079971,Trụ - đồ chơi cho mèo (2011PJ01),Cái,
DCP2002,89938534079972,Trụ nhà bằng nhựa dùng cho thú cưng (OPT43547),Cái,
DCP2003,89938534079973,Trụ-đồ chơi cho mèo (NTC3630),Cái,
MĐCXXX1001,497655585823120,Đồ chơi bằng nhựa (WJ-007),Cái,
MĐCXXX1002,497655585823121,Đồ chơi mèo xoay (LJQ0131),Cái,
MĐCXXX1003,497655585823128,Cào móng tròn 45cm (HK),Cái,
MĐCXXX1004,497655585823129,Đồ chơi cho mèo bằng giấy mẫu hình sóng,Cái,
MĐCXXX1005,89938534079479,Cần câu kẽm,Cái,
MĐCXXX1006,8938539058631,Bàn cào dưa hấu,Cái,
MĐCXXX1007,497655585824068,Cần câu dài dẻo lông vũ,Chiếc,
MĐCXXX1008,497655585824192,Đồ chơi cá lục lạc (HK),Cái,
MĐCXXX1009,497655585824198,Cào móng tròn 40cm (HK),Cái,
MĐCXXX1010,497655585824199,Cào móng tròn 50cm (HK),Cái,
PKP1013,89938534079431,"Đồ chơi cần câu mèo ZHD0022 , kt 65cm, không phụ kiện",Cái,
PKP1025,89938534079480,Bàn cào dưa hấu,Cái,
TCN1003,8936221912025,Emetica_10ml_Chai (cat),ml,
TCN1003,497655585824082,,Chai,
TCN2010,8936221911035,DiarAid (Cat) - ống 3ml- hộp 3 ống,Ống,
TCN2010,497655585823381,,Hộp,
TCN2012,8936221913015,Calcium delight (cat)_2.5mlx20,Tuýp,
TCN2012,497655585823371,,Hộp,
TCN2034,026664004079,TA Daily Multi For Cats 30V,Viên,
TCN2034,497655585823618,,Túi,
TCN2037,8935020310384,Bromhexine_3ml_Ống(mèo),Ống,
TCN2053,8936221910236,Kidney shield (Cat)_(6 viên/vĩ- hộp 2 vĩ),Viên,
TCN2053,497655585823438,,Hộp,
TCN2065,89938534079961,TA chăn nuôi bổ sung DR. PETZ FELIMUNE,Viên,
TCN2065,497655585823591,,Hộp,
TCN2066,8859133901553,TA chăn nuôi bổ sung Dr.PETZ SAME FOR CAT,Viên,
TCN2066,497655585823596,,Hộp,
MĐTTGV3003,4064951005701-,NEXGARD COMBO for CAT 0.3ML(<2.5kg),Tuýp,
MĐTTGV3003,4976555858235240,,Hộp,
TGV1006,8936221910212,Femitel 12 - 30 mg (6 viên/vĩ- hộp 1 vĩ),Viên,
TGV1006,497655585823389,,Hộp,
TGV2005,8936221910205,Femitel 4 -10 mg (6 viên/vĩ- hộp 1 vĩ),Viên,
TGV2005,497655585823390,,Hộp,
TGV2015,89938534079439,MILPRO 4MG/10MG,Viên,
TGV2015,497655585823465,,Hộp,
TGV2016,9557837004663,MILPRO 16MG/40MG ( mèo >= 2kg),Viên,
TGV2016,497655585823463,,Hộp,
TGV2019,4064951006678,NEXGARD COMBO for CAT 0.9ML(2.5-7.5kg),Tuýp,
TGV2019,497655585823525,,Hộp,
TGV2025,4064951005701,NEXGARD COMBO for CAT 0.3ML(<2.5kg),Tuýp,
TGV2025,497655585823524,,Hộp,
TGV2035,8713184177636,Thuốc thú y Bravecto Spot on for Cat 250mg (2.8-6.25kg),Tuýp,
TGV2042,8850172400052,EL200001 - DRONTAL CAT 12X8,Viên,
TGV2042,497655585823385,,Hộp,
TGV3004,087219060124,THUỐC THÚ Y - REVOLUTION (SELAMECTIN 60MG/ML) (0.75ML),Tuýp,
TGV3005,9556106500204,FRONTLINE PLUS CAT 1 PIPET(Hộp),Tuýp,
TGV3005,497655585823392,,Hộp,
MHCTKM1005,6970989895895,TA mèo Cature Easy Farm Fish Recipe 1.5kg,Gói,
MHCTKM1006,6970989895901,TA mèo Cature Easy Farm Chicken Recipe 1.5kg,Gói,
MHCTKM2001,8857127009858,DeliSci Skin Cat Gói 70g,Gói,
MPKNVS1001,497655585823127,KHAY VỆ SINH CHO MÈO YD-045,Cái,
MPKNVS1002,497655585823225,"Nhà mèo XDB-474A, bằng nhựa, kthước (6000x538xx404)mm",Chiếc,
VCP1023,89938534079889,"Vòng đeo cổ vật nuôi bằng sợi tổng hợp, có khóa và khoen kim loại để gắn dây dắt, rộng: 2.5cm, chiều dài 60cm, kí hiệu: HZC1019, hiệu zichen",Cái,
MQTFCV0000,497655585823266,Que test FCV,Cái,
MQTFEL0000,497655585824032,Que test FeLV,Cái,
MQTFHV0000,497655585823263,Que test FHV,Cái,
MQTFIV0000,497655585824031,Que test FiV,Cái,
MQTFPL0000,497655585824081,Vcheck fPL 2.0,Cái,
MQTFPV0000,497655585823262,Que test FPV,Cái,
MQTIGE0000,497655585823279,"Chất thử thí nghiệm FeAllergen IgE, code VIB-FAIGE dùng trong phòng thí nghiệm",Mẫu,
8938531003875,8938531003875,5 Plus Catchy Thịt đỏ và thịt trắng cá ngừ trong thạch 70g (TP0177),Gói,
HTK1001,89938534079441,FOC_TA Meo-Vi Ga & Ca Hoi 80g 2024(hàng tặng),Túi,
HTK1002,89938534079442,FOC_TA Meo con-Vi Ca ngu tui 80g - 2024( hàng tặng),Túi,
MTPCHI1001,8936206531760,KEOS+  mèo trưởng thành  hỗ trợ tiêu hóa vị cá hồi 1.5kg,Gói,
MTPCHI1003,6973033840506,TA cho mèo S2PET V1 Plus (1kg),Túi,
MTPCHI1006,8853301001939,Thuc an meo con - Vi ca thu 1.1kg,Túi,
MTPCHI1006,497655585823644,,Thùng,
MTPCHI1007,8853301140812,Thuc An Meo con-Vi Ca bien 1.1kg,Túi,
MTPCHI1007,497655585823648,,Thùng,
MTPCHI1008,8809167911622,TA  MÈO DR. HEALMEDIX INTESTINAL (FELINE) 1500GR,Túi,
MTPCHI1009,6976632561063,Hạt cho mèo Bite of wild B45,Gói,
MTPCHI1010,6976632560905,Hạt cho mèo Bite of wild K42,Gói,
MTPCHI1011,6976632560899,Hạt cho mèo Bite of wild F42,Gói,
MTPCHI1012,6972137889398,Hạt cho mèo Bite of wild P42,Gói,
MTPCHI1013,6976632560141,Hạt cho mèo MR.VET T2 (1KG/BAG),Gói,
MTPCHI1014,8855648002341,Hạt cho mèo lớn Ostech 1.5 KG,Gói,
MTPCHI1015,8936225440050,Hạt cho mèo PetQ C90 1kg,Túi,
MTPCHI1016,8936225440074,Hạt cho mèo con PetQ C90K 1kg,Túi,
MTPCHI1017,8936225440098,Hạt cho mèo PetQ C90U 1kg,Túi,
MTPCHI1018,6973033840834,Hạt TA cho mèo S2PET V3 1kg,Túi,
MTPCHI1019,8850127004908,PURINA ONE CHO MÈO CON DƯỚI 1 TUỔI VỊ GÀ 380G,Gói,
MTPCHI1020,8850125001657,PURINA ONE CHO MÈO TRƯỞNG THÀNH VỊ CÁ HỒI VÀ CÁ NGỪ 380G,Gói,
MTPCHI1021,8850127004922,PURINA ONE CHO MÈO TRƯỞNG THÀNH NUÔI TRONG NHÀ VỊ GÀ 380G,Gói,
MTPCHI1022,8850126001793,PURINA ONE CHO MÈO HỖ TRỢ THẬN 380G,Gói,
MTPCHI1023,8853301144919-,Thuc An Meo-Vi Ca bien BIS tui 400g,Túi,
MTPCHI1023,4976555858236590,,Thùng,
MTPCHI1024,9310022866104-,Thuc An Meo vi Ca bien tui 1.2 kg,Túi,
MTPCHI1024,4976555858236520,,Thùng,
MTPCHI1025,8938519869257-,Hạt rau mèo,Gói,
MTPCHI1025,4976555858236682,,Hộp,
MTPCHI1026,857276007475-0,TABS cho mèo (hương vị cá ngừ và thịt gà) (Juicy Bites Tuna & Chicken Flavor (USA701A)),Gói,
MTPCHI1027,857276007505-0,TABS cho mèo (hương vị tôm và hải sản) (Juicy Bites Shrimp & Seafood Mix Flavor (USA 704A)),Gói,
MTPCHI2001,6976632560295,MR.VET VITAMIN NUTRITION CAT POUCH (70G/BAG),Gói,
MTPCHI2002,8938531003929,Pate Catchy 400g Cá ngừ và cá thu trong thạch (TP0181),Hộp,
MTPCHI2003,8938531003899,Pate Catchy 400g Cá ngừ và gà trong thạch (TP0185),Hộp,
MTPCHI2004,8936217950062,Pate Catchy 400g Cá ngừ và bí đỏ trong thạch (TP0220),Hộp,
MTPCHI2005,8936217950086,Pate Catchy 400g Cá ngừ và cá cơm trong thạch (TP0222),Hộp,
MTPCHI2006,8938531003882,Pate Catchy 400g Cá ngừ và cá hồi trong thạch (TP0182),Hộp,
MTPCHI2007,8938531003905,Pate Catchy 400g Cá ngừ và cá tráp trong thạch (TP0180),Hộp,
MTPCHI2008,8936217950079,Pate Catchy 400g Cá ngừ và thanh cua trong thạch (TP0219),Hộp,
MTPCHI2009,8936217950093,Pate Catchy 400g Cá ngừ và khoai tây trong thạch (TP0221),Hộp,
MTPCHI2010,8938531003936,Pate Catchy 400g Cá ngừ tôm và cà rốt trong thạch (TP0184),Hộp,
MTPCHI2011,8938531003912,Pate Catchy 400g Thịt đỏ và thịt trắng cá ngừ trong thạch (TP0183),Hộp,
MTPCHI2012,6976632561605,Pate Bite of wild 70g chicken breast,Gói,
MTPCHI2013,6976632561568,Pate Bite of wild 70g chicken with goat milk,Gói,
MTPCHI2014,6976632561582,Pate Bite of wild 70g tuna with goat milk,Gói,
MTPCHI2015,6976632561599,Pate Bite of wild 70g tuna & chicken,Gói,
MTPCHI2016,6976632561575,Pate Bite of wild 70g salmon with goat milk,Gói,
MTPCHI2017,8936225442078,Pate sữa dê PetQ 70g vị thanh cua,Túi,
MTPCHI2018,8936225442092,Pate sữa dê PetQ 70g vị trứng cá,Túi,
MTPCHI2019,8936225442054,Pate sữa dê PetQ 70g vị cá ngừ,Túi,
MTPCHI2020,8936225442016,Pate sữa dê PetQ 70g vị thịt gà,Túi,
MTPCHI2021,8936225442115,Pate sữa dê PetQ 70g vị sò điệp,Túi,
MTPCHI2022,8936225442030,Pate sữa dê PetQ 70g vị cá hồi,Túi,
MTPCHI2023,8859160402887,Nekko Senior 7+ Tuna in Gravy70g,Gói,
MTPCHI2023,497655585824076,,Thùng,
MTPCHI2024,8859160402894,Nekko Senior 7+Chicken meat in Gravy 70g,Gói,
MTPCHI2024,497655585824077,,Thùng,
MTPCHI2025,8859160402900,Nekko Senior 7+ Tuna mix Fiber 70g,Gói,
MTPCHI2025,497655585824078,,Thùng,
MTPCHI2026,8859160402917,Nekko Senior 7+ Tuna Creamy Mix Salmon 70g,Gói,
MTPCHI2026,497655585824079,,Thùng,
MTPCHI2027,8859160402931,Nekko Senior 11+ Tuna Creamy Mix Spinach 70g,Gói,
MTPCHI2027,497655585824153,,Thùng,
MTPCHI2028,8859160402924,Nekko Senior 11+ Tuna mix Fiber 70g,Gói,
MTPCHI2028,497655585824154,,Thùng,
MTPCHI2029,9556106005070,Pate Snappy Tom Chicken Creamy,Túi,
MTPCHI2029,497655585824157,,Thùng,
MTPCHI2030,9556106004998,Pate Snappy Tom Tuna Creamy,Túi,
MTPCHI2030,497655585824158,,Thùng,
MTPCHI2031,8850126001663,PATE PURINA ONE THỨC ĂN ƯỚT CHO MÈO CON VỊ GÀ 70G,Gói,
MTPCHI2032,8850126001199,PATE PURINA ONE THỨC ĂN ƯỚT CHO MÈO TRƯỞNG THÀNH VỊ CÁ BIỂN 70G,Gói,
MTPCHI2033,8850126000970,PATE PURINA ONE THỨC ĂN ƯỚT CHO MÈO TRƯỞNG THÀNH NUÔI TRONG NHÀ VỊ GÀ 70G,Gói,
MTPCHI2035,8853301550017-1,TA Meo-Vi Ca ngu dang tui 80g_New,Túi,
MTPCHI2035,497655585824399,,Thùng,
MTPCHI2036,8853301550024-1,TA Meo - Vi ca ngu va ca trang 80g_New,Túi,
MTPCHI2036,497655585824398,,Thùng,
MTPCHI2037,8853301100434-1,Thuc An Meo-Vi Ca Ngu & Ca Hoi 70g_2026,Túi,
MTPCHI2037,4976555858236620,,Thùng,
MTPCHI2038,8853301100427-1,Thuc An Meo-Vi Ca Ngu & Ca Thu 70g_2026,Túi,
MTPCHI2038,4976555858236631,,Thùng,
MTPCHI2039,9334214023571-1,TA Meo - Vi ca ngu va thit ga 80g_New,Túi,
MTPCHI2039,4976555858235651,,Thùng,
MTPCHI2050,8853301550031-2,TA Meo-Vi thu tui 80g_New,Túi,
MTPCHI2050,4976555858235710,,Thùng,
MTPCHI2051,8853301550086-1,TA Meo - Vi ca Saba 80g_New,Túi,
MTPCHI2051,4976555858235660,,Thùng,
MTPCHI2052,8853301012843-,Thuc An Meo con-Vi Ga 80g 2024,Túi,
MTPCHI2052,4976555858236510,,Thùng,
MTPCHI2053,8853301012874-,Thuc An Meo-Vi Ga 80g 2024,Túi,
MTPCHI2053,4976555858236680,,Thùng,
MTPCHI2054,8853301550079-,Thuc An Meo-Vi Ca Thu & Ca Hoi 80g_2026,Túi,
MTPCHI2054,4976555858236640,,Thùng,
MTPCHI2055,8853301012867-,Thuc An Meo con-Vi Ca Hoi 80g 2024,Túi,
MTPCHI2055,4976555858236500,,Thùng,
MTPCHI2056,8853301012881-,Thuc An Meo-Vi Ga & Ca Hoi 80g 2024,Túi,
MTPCHI2056,4976555858236670,,Thùng,
MTPCHI2057,8853301100441-,Thuc An Meo-Vi ca Bien &Tom 70g_2026,Túi,
MTPCHI2057,4976555858236580,,Thùng,
MTPCHI2058,8855648006554-0,Pate Ostech mèo cá ngừ -Ostech 400gr,Hộp,
MTPCHI2059,8855648006561-0,Pate Ostech mèo cá ngừ và cà rốt 400gr,Hộp,
MTPCHI2060,8855648006493-0,Pate Ostech mèo cá ngừ và thịt gà 400gr,Hộp,
MTPCHI2061,8855648006547-0,Pate Ostech Cá ngừ và thanh cua 400gr,Hộp,
MTPCHI2062,4976555858236683,Pate  Ostech cá ngừ và hải sản 400gr,Hộp,
MTPCHI2063,8855648006530-0,Pate Ostech cá ngừ và cá trắng 400gr,Hộp,
MTPCHI2065,8859387702197-,Lon INABA CIAO Thịt Cá Ngừ Trắng xé nhỏ Với Thạch Cá Ngừ Khô (A10 ),Lon,
MTPPHU1009,4901133618604-0,"TABS cho mèo hương vị thịt gà, cá ngừ và sò (CIAO Soup Tuna (Maguro) & Scallop Topping Chicken Fillet (IC211))",Gói,
MTPPHU1010,4976555858236705,Lon INABA CIAO Thịt Cá Ngừ Trắng xé nhỏ Với Thạch Cá Ngừ Khô (A-10 ),Lon,
TACM1085,8809293595451,TA hỗn hợp hoàn chỉnh cho mèo - ANF 6Free+Indoor Cat Kitten 1.6kg,Túi,
TAM1001,3182550702249,TA hạt cho mèo - Fit 32 10kg,Bao,
TAM1002,3182550707305,TA hạt cho mèo - Baby Cat 400gr,Bao,
TAM1003,3182550707329,TA hạt cho mèo - Baby Cat 4kg,Bao,
TAM1004,3182550702973,TA hạt cho mèo - Kitten36 10 Kg,Bao,
TAM1005,3182550771252,TA hạt cho mèo - Gastro Intestinal Feline 2kg,Bao,
TAM1006,3182550706940,TA hạt cho mèo - Indoor 27 10 Kg,Bao,
TAM1007,3182550707312,TA hạt cho mèo - Baby Cat 2kg,Bao,
TAM1008,3182550721394,TA hạt cho mèo - Hairball Care 400gr,Bao,
TAM1009,3182550721400,TA hạt cho mèo - Hairball Care 2kg,Bao,
TAM1010,3182550721721,TA hạt cho mèo - Hair&Skin Care 400gr,Bao,
TAM1011,3182550721738,TA hạt cho mèo - Hair&Skin Care 2kg,Bao,
TAM1012,3182550711166,"TA hạt cho mèo- Diabetic Feline 1,5kg",Bao,
TAM1013,3182550768474,"TA hạt cho mèo - Satiety Weight Management Feline 1,5kg",Bao,
TAM1014,3182550702157,TA hạt cho mèo - Fit 32 400gr,Bao,
TAM1015,3182550702201,TA hạt cho mèo - Fit 32 2kg,Bao,
TAM1016,3182550702379,TA hạt cho mèo - Kitten36 400gr,Bao,
TAM1017,3182550702423,TA hạt cho mèo - Kitten36 2kg,Bao,
TAM1018,3182550704618,TA hạt cho mèo - Indoor 27 400gr,Bao,
TAM1019,3182550704625,TA hạt cho mèo - Indoor 27 2kg,Bao,
TAM1020,3182550711142,TA hạt cho mèo - Renal Feline 2kg,Bao,
TAM1021,3182550711159,"TA hạt cho mèo - Urinary S/O Feline 1,5kg",Bao,
TAM1022,8938509770419,Minino Yum Salmon Flavor-Bao 7kg(20x350g)-TA mèo,Gói,
TAM1022,497655585823467,,Bao,
TAM1024,8938509770747,Minino Yum Squid-Bao 7kg(20x0.35kg)-TA mèo,Gói,
TAM1024,497655585823469,,Bao,
TAM1026,8938509770174,TA mèo-MininoTUNAflavored 15.36kg(32*480g)NEW,Gói,
TAM1026,497655585823657,,Bao,
TAM1027,8938509770167,Minino Tuna Flavor-Thùng 7.8kg(6x1.3kg)-TA mèo,Gói,
TAM1027,497655585823466,,Thùng,
TAM1028,8938509770402,TA mèo-Minino Yum 7kg(20gói*350gram)-NEW - hải sản,Gói,
TAM1028,497655585823655,,Bao,
TAM1029,8938509770143,"TA mèo-Minino Yum 9 kg (6 túi * 1,5 kg)-NEW - hải sản",Gói,
TAM1029,497655585823656,,Thùng,
TAM1030,8698995027410,TA khô hỗn hợp cho mèo hương vị thịt gà Reflex Plus Adult Cat Food Urinary Chicken 1.5kg,Túi,
TAM1031,8698995003551,TA khô hỗn hợp cho mèo hương vị thịt gà Reflex Plus Adult Cat Food Chicken 1.5kg,Túi,
TAM1032,8698995003520,TA khô hỗn hợp cho mèo hương vị thịt gà Reflex Plus Kitten Food Chicken 1.5kg,Túi,
TAM1033,857276007512,TABS cho mèo hương vị nước thịt và mực ( USA-705A),Gói,
TAM1033,497655585823584,,Hộp,
TAM1034,8805492336505,TA  mèo trên 3 tháng tuổi - Catsrang All life stages 400g/túi zip,Túi zip,
TAM1035,8805492334785,TA mèo trên 3 tháng tuổi - Catsrang All life stages 2kg/túi,Túi,
TAM1036,8805492336741,TA mèo từ 4 đến 12 tháng tuổi - Catsrang Kitten 400g/ túi zip,Túi zip,
TAM1037,8802764498107,"TA hỗn hợp hoàn chỉnh cho mèo mọi lứa tuổi - Cat's Eye 1,5kg",Túi,
TAM1038,4520699643457,TA mèo SilverSpoon cá ngừ 1kg,Gói,
TAM1039,4520699643815,TA mèo SilverSpoon vị gà 1kg,Gói,
TAM1040,4520699662595,TAmèoS.Spoon giảmnôn vị cángừ 0.8kg,Gói,
TAM1041,8805492334709,"TA  mèo trên 3 tháng tuổi, Catsrang 5kg/túi",Bao,
TAM1042,8809293595185,TA hỗn hợp hoàn chỉnh cho mèo - Cats Eye premium 1.5kg,Túi,
TAM1043,meohs,Me-O Cat Seafood - 7 kg (350 g X 20),Gói,
TAM1043,497655585823446,,Bao,
TAM1044,meoct,Me-O Mackerel - 7 kg (350 g X 20),Gói,
TAM1044,497655585823448,,Bao,
TAM1045,meocn,Me-O Cat Tuna - 7 kg (350 g X 20),Gói,
TAM1045,497655585823447,,Bao,
TAM1046,8850477002081,Me-O Kitten Ocean Fish - 400 g ( 18 x 1 / Carton,Gói,
TAM1047,8850477001664,Me-O Kitten Ocean Fish - 1.1 kg ( 6 x 1 / Carton ),Gói,
TAM1048,8850477002746,Me-O Salmon Flavour - 1.1 kg ( 6 x 1 / Carton ),Gói,
TAM1049,8850477001640,Me-O Mackerel - 1.2 kg ( 6 x 1 / Carton ),Gói,
TAM1050,8850477001626,ME-O Cat Seafood - 1.2 kg* 6 gói.,Gói,
TAM1051,8850477001657,ME-O Cat Tuna - 1.2 kg* 6 gói.,Gói,
TAM1052,apromeo,A Pro I.Q. Formula Cat Food - 20 kg (500 g X 40),Gói,
TAM1052,497655585823345,,Bao,
TAM1053,8850477002548,Me-O Gold Fit and Firm - 1.2 kg ( 6 x 1 / Carton ),Gói,
TAM1054,8850477002517,Me-O Gold Indoor Cat - 1.2 kg ( 6 x 1 / Carton ),Gói,
TAM1055,8850477002609,Me-O Gold Persian - 1.2 kg ( 6 x 1 / Carton ),Gói,
TAM1056,8850477014992,Me-O Gold Kitten - 1.2 kg ( 6 X 1 / Carton),Gói,
TAM1057,8698995003636,TA khô hỗn hợp cho mèo hương vị cá hồi. Reflex Plus Adult Cat Food Hairball Salmon 1.5kg,Túi,
TAM1058,3182550816533,TA hạt cho mèo - Fbn British Sh Kitten 2kg,Bao,
TAM1059,8853301140799,Thuc An Meo Con-Vi Ca Bien 450g_2024,Túi,
TAM1059,497655585823649,,Thùng,
TAM1060,8853301001915,Thuc An Meo Con - Vi Ca Thu 450g_2024,Túi,
TAM1060,497655585823645,,Thùng,
TAM1061,8853301013215,Thuc An Meo Con-Ca Ngu&Ca Hoi 450g_2024,Túi,
TAM1061,497655585823647,,Thùng,
TAM1062,8853301144902,Thuc An Meo-Vi Saba Nuong 1.2kg_2024,Túi,
TAM1062,497655585823670,,Thùng,
TAM1063,8853301141857,Thuc An Meo-Vi Hai San 1.2kg_2024,Túi,
TAM1063,497655585823669,,Thùng,
TAM1064,8853301140652,Thuc An Meo-Vi Ca thu tui 1.2 kg,Túi,
TAM1064,497655585823666,,Thùng,
TAM1065,9310022866104,Thuc An Meo vi Ca bien tui 1.2 kg,Túi,
TAM1065,497655585823652,,Thùng,
TAM1066,9310022866203,Thuc An Meo vi Ca ngu tui 1.2 kg,Túi,
TAM1066,497655585823654,,Thùng,
TAM1069,8853301013222,Thuc An Meo Con-Ca Ngu&Ca Hoi 1.1kg_2024,Túi,
TAM1069,497655585823646,,Thùng,
TAM1070,9334214035666,Thuc An Meo-Vi Ca thu BIS tui 400g,Túi,
TAM1070,497655585823665,,Thùng,
TAM1071,8853301144919,Thuc An Meo-Vi Ca bien BIS tui 400g,Túi,
TAM1071,497655585823659,,Thùng,
TAM1072,8809293595475,TA hỗn hợp hoàn chỉnh cho mèo - ANF 6Free+Indoor Cat Adult 1.6kg,Túi,
TAM1073,8805492334761,TA hỗn hợp hoàn chỉnh cho mèo nhỏ - Catsrang Kitten 2kg,Túi,
TAM1074,3182550756402,TA hạt cho mèo - British Shorthair 400gr,Bao,
TAM1081,8885003132109,"TA viên Aatas Cat Gold cho mèo vị gà, cá ngừ và cá cơm 1.2kg",Bao,
TAM1082,8885003132116,TA viên Aatas Cat Gold cho mèo vị cá hồi và cá cơm 1.2kg,Bao,
TAM1083,8938519869257,Hạt rau mèo,Gói,
TAM1083,497655585823408,,Hộp,
TAM1085,8698995027182,TA khô hỗn hợp cho mèo hương vị cá hồi. Reflex Plus Adult Cat Food Choosy Salmon 1.5kg,Túi,
TAM1086,8698995003544,TA khô hỗn hợp cho mèo hương vị cá hồi Reflex Plus Adult Cat Food Salmon 1.5kg,Túi,
TAM1089,857276007475,TABS cho mèo (hương vị cá ngừ và thịt gà) (Juicy Bites Tuna & Chicken Flavor (USA701A)),Gói,
TAM1090,857276007499,TABS cho mèo (hương vị cá và sò) (Juicy Bites Fish & Clam Flavor (USA702A)),Gói,
TAM1091,857276007482,TABS cho mèo (hương vị sò và cua) (Juicy Bites Scallop & Crab Flavor (USA703A)),Gói,
TAM1092,857276007505,TABS cho mèo (hương vị tôm và hải sản) (Juicy Bites Shrimp & Seafood Mix Flavor (USA 704A)),Gói,
TAM1093,8802764002618,TA hỗn hợp hoàn chỉnh cho mèo mọi lứa tuổi - Cat's Eye 400g,Túi,
TAM1094,8809039029523,TA cho mèo - Zenith Cat - 1.2kg,Gói,
TAM1095,3182550816526,TA hạt cho mèo - Fbn British Sh Kitten 400g,Bao,
TAM1096,89938534079443,TA hỗn hợp hoàn chỉnh cho mèo mọi lứa tuổi Cats Eye kitten & cat 20kg (400g*50 gói),Bao,
TAM1097,89938534079449,Thuc An Meo lon vi Ca ngu tui 1.35 kg,Túi,
TAM1099,89938534079454,TAMSSgnoncngừ0.8kg(1/1STCngừ&gà 40g)2504,Lốc,
TAM1100,89938534079463,Thuc An Meo lon vi Ca bien tui 1.35 kg,Túi,
TAM1101,89938534079467,Thuc An Meo-Vi Ca thu tui 1.35 kg,Túi,
TAM1103,697098989590,Cature Easy Farm All Life Stages Raw Coated Kibble with Bouncing Core Complete Cat Food-Chicken Recipe 1.5kg,Gói,
TAM1104,697098989589,Cature Easy Farm All Life Stages Raw Coated Kibble with Bouncing Core Complete Cat Food - Fish Recipe 1.5kg,Gói,
TAM1105,697663256014,MR.VET CHICKEN SALMON FORMULA CAT FOOD (1KG/BAG),Gói,
TAM1106,89938534079495,MR.VET CHICKEN BEEF FORMULA CAT FOOD (300G/BAG),Gói,
TAM1107,6976632560097,MR.VET CHICKEN BEEF FORMULA CAT FOOD (1KG/BAG),Gói,
TAM1108,6976632560370,MR.VET TUNA FORMULA CAT FOOD (1KG/BAG),Gói,
TAM1109,8859104010260,Bingostar Adult Cat Food Grilled Mackerel Flavour - 20KG ( 1KG x 20 gói ),Gói,
TAM1109,497655585823368,,Bao,
TAM1111,89938534079545,TA hạt cho mèo - British Shorthair 2kg,Bao,
TAM1112,8809167911943,TA HẠT ÍT GÂY DỊ ỨNG PHÒNG & HỖ TRỢ ĐIỀU TRỊ BỆNH SỎI THẬN DR. HEALMEDIX URINARYTRACT + CALM 1500GR,Túi,
TAM1113,8936206530688,KEOS+ TAHH cho mèo trưởng thành với công thức hỗ trợ loại bỏ búi lông-Box 9 kg (6x1.5kg),Gói,
TAM1113,497655585823432,,Thùng,
TAM1114,8938509770754,Minino Yum Squid-Thùng 9kg(6x1.5kg)-TA mèo,Gói,
TAM1114,497655585823470,,Thùng,
TAM1115,8938509770433,Minino Yum Salmon Flavor-Thùng 9kg(6x1.5kg)-TA mèo,Gói,
TAM1115,497655585823468,,Thùng,
TAM1116,8936206530664,KEOS+ TAHH cho mèo trưởng thành với công thức hỗ trợ loại bỏ búi lông-Bag 7 kg (20x350g),Gói,
TAM1116,497655585823431,,Bao,
TAM1117,8936206530718,KEOS+ TAHH cho mèo trưởng thành với công thức hỗ trợ tiết niệu-Bag 7 kg (20x350g),Gói,
TAM1117,497655585823434,,Bao,
TAM1118,8936206530565,KEOS TAHH cho mèo vị hải sản dành cho mọi lứa tuổi-Bag 7kg (20x350g),Gói,
TAM1118,497655585823427,,Bao,
TAM1119,8936206531159,KEOS TAHH cho mèo vị cá ngừ dành cho mọi lứa tuổi- Bag 7kg (20x350g),Gói,
TAM1119,497655585823424,,Bao,
TAM1120,8936206530732,KEOS+ TAHH cho mèo trưởng thành với công thức hỗ trợ tiết niệu -Box 9 kg (6x1.5kg),Gói,
TAM1120,497655585823433,,Thùng,
TAM1121,8936206530589,KEOS TAHH cho mèo vị hải sản dành cho mọi lứa tuổi-Box 9 kg (6x1.5kg),Gói,
TAM1121,497655585823428,,Thùng,
TAM1122,8936206531173,KEOS TAHH cho mèo vị cá ngừ dành cho mọi lứa tuổi-Box 9 kg (6x1.5kg),Gói,
TAM1122,497655585823425,,Thùng,
TAM1123,8936206531357,KEOS TAHH cho mèo vị gà dành cho mọi lứa tuổi - Box 9 kg (6x1.5kg),Gói,
TAM1123,497655585823426,,Thùng,
TAM1124,8802764002601,TA hỗn hợp hoàn chỉnh cho mèo mọi lứa tuổi - Cat's Eye 1kg,Túi,
TAM1125,8809172311042,"Pure Nature Cat Chicken (2Kg/Túi) - TA Cho Mèo, 200Gx10Gói",Túi,
TAM1126,8809172311059,"Pure Nature Cat Chicken (5Kg/Túi) - TA Mèo, 500Gx10Gói",Gói,
TAM1126,497655585823546,,Túi,
TAM1127,8809172311080,"Pure Nature Cat Salmon (2Kg/Túi) - TA Mèo, 200Gx10Gói",Túi,
TAM1128,8809172311097,"Pure Nature Cat Salmon (5Kg/Túi) - TA  Mèo, 500Gx10Gói",Gói,
TAM1128,497655585823548,,Túi,
TAM1129,8809172311165,"Pure Nature Cat Diet (2Kg/Túi) - TA Mèo, 200Gx10Gói",Túi,
TAM1130,8809172311172,"Pure Nature Cat Diet (5Kg/Túi) - TA  Mèo, 500Gx10Gói",Gói,
TAM1130,497655585823547,,Túi,
TAM1131,8809818866059,TA cho mèo - Cat BENE2 3012 1.5kg,Gói,
TAM1132,3182550787963,TA hạt cho mèo - Hepatic Feline 2kg,Gói,
TAM1133,89938534079863,TA hạt cho mèo - Sterilised 37 2kg,Bao,
TAM1134,89938534079882,Thuc An Meo con-Vi Ca bien tui 1.25 kg,Túi,
TAM1135,8936206530619,KEOS+ TAHH mèo con với công thức hỗ trợ phát triển - thùng 8kg (20x400g),Gói,
TAM1135,497655585823436,,Bao,
TAM1136,8936206530633,KEOS+TAHH cho mèo con với công thức hỗ trợ phát triển - Box 9kg (6x1.5kg),Gói,
TAM1136,497655585823437,,Bao,
TAM1137,3182550771337,TA hạt cho mèo - Fibre Response Feline 2kg,Bao,
TAM1139,497655585822858,TA hạt cho mèo - Fit 32 10kg + 2kg,Bao,
TAM1140,8936225440128,"TA hỗn hợp hoàn chỉnh cho mèo con từ 4 tuần đến 1 năm tuổi, dạng hạt tròn màu nâu chứa đầy thịt gà đông khô PetQ D90K - 200G",Túi,
TAM1141,8936225440111,"TA hỗn hợp hoàn chỉnh cho mèo ở mọi lứa tuổi, dạng hạt tròn màu nâu chứa đầy thịt gà đông khô, PetQ D90 - 200g",Túi,
TAM1224,8809658250155,Today's dinner for cat- TA hỗn hợp hoàn chỉnh cho mèo mọi lứa tuổi 1kg,Gói,
TAM1225,89938534079885,SmartHeart Gold Feline Veterinary Diet Urinary - 1.5kg ( 6 x 1/Carton ),Gói,
TAM1226,89938534079886,SmartHeart Gold Feline Veterinary Diet Gastro Intestinal - 1.5kg ( 6 x 1/Carton ),Gói,
TAM1227,89938534079896,TA hạt cho mèo - Kitten36 13 Kg,Bao,
TAM2001,9003579308943,TA dạng sệt cho mèo - Kitten Instinctive 12x85gr,Gói,
TAM2001,497655585823632,,Hộp,
TAM2002,9003579308936,TA dạng sệt cho mèo - Instinctive 12x85gr,Gói,
TAM2002,497655585823627,,Hộp,
TAM2003,9003579308721,TA dạng sệt cho mèo - Hair & Skin (Gravy) 12x85gr,Gói,
TAM2003,497655585823625,,Hộp,
TAM2004,9003579000519,TA dạng sệt cho mèo - Renal Feline 12x85g,Gói,
TAM2004,497655585823634,,Hộp,
TAM2005,9003579311660,TA dạng sệt cho mèo - Mother&Babycat 195gr,Lon,
TAM2005,497655585823633,,Thùng,
TAM2006,9003579003848,TA dạng sệt cho mèo - Kitten In Loaf 12x85g,Gói,
TAM2006,497655585823630,,Hộp,
TAM2007,9003579003886,TA dạng sệt cho mèo - Instinctive Loaf 12x85g,Gói,
TAM2007,497655585823629,,Hộp,
TAM2008,9003579010471,TA dạng sệt cho mèo - Urinary Feline S/O 12x85gr,Gói,
TAM2008,497655585823635,,Hộp,
TAM2009,9003579000410,TA dạng sệt cho mèo - Hairball Care 12x85g,Gói,
TAM2009,497655585823626,,Hộp,
TAM2010,9003579311714,"TA dạng sệt cho mèo - Kitten Inst, Jelly 12x85gr",Gói,
TAM2010,497655585823631,,Hộp,
TAM2011,9003579309513,TA dạng sệt cho mèo - Instinctive In Jelly 12x85gr,Gói,
TAM2011,497655585823628,,Hộp,
TAM2012,8852021012072,TA cho mèo Bellotta Tuna with Anchovy 85g,Gói,
TAM2013,8852021705714,TA cho mèo Bellotta Tuna 85g,Gói,
TAM2014,8852021705622,TA cho mèo Bellotta Tuna and Chicken 85g,Gói,
TAM2015,8852021012041,TA cho mèo Bellotta Tuna with Saba 85g,Gói,
TAM2016,8852021012058,TA cho mèo Bellotta Tuna with Shrimp 85g,Gói,
TAM2017,8852021705738,TA cho mèo Bellotta Tuna and Salmon 85g,Gói,
TAM2018,8852021012065,TA cho mèo Bellotta Tuna with Shirasu 85g,Gói,
TAM2019,4520699696781,TAmèo SSpoon STC cngừ & hải sản 40g,Gói,
TAM2020,9556106019954,TA ướt cho mèo Snappy Tom Chicken (48 túi x 85g),Túi,
TAM2020,497655585823690,,Thùng,
TAM2021,9556106019978,TA ướt cho mèo Snappy Tom with Lamb (48 túi x 85g),Túi,
TAM2021,497655585823731,,Thùng,
TAM2022,9310768108599,TA ướt cho mèo Snappy Tom Tuna & Shrimp in Jelly (48 túi x 85g),Túi,
TAM2022,497655585823721,,Thùng,
TAM2023,9310768108568,TA ướt cho mèo Snappy Tom Tuna in Jelly (48 túi x 85g),Túi,
TAM2023,497655585823724,,Thùng,
TAM2024,9310768108704,TA ướt cho mèo Snappy Tom Pilchard & Snapper in Jelly (48 túi x 85g),Túi,
TAM2024,497655585823699,,Thùng,
TAM2025,9310768108698,TA ướt cho mèo Snappy Tom Pilchard & Whitefish in Jelly (48 túi x 85g),Túi,
TAM2025,497655585823700,,Thùng,
TAM2026,9310768110417,TA ướt cho mèo Snappy Tom Tuna Feast (15 lon x 150g),Lon,
TAM2026,497655585823722,,Thùng,
TAM2027,9310768110394,TA ướt cho mèo Snappy Tom with Chicken Feast (15 lon x 150g),Lon,
TAM2027,497655585823730,,Thùng,
TAM2028,9556106020158,TA ướt cho mèo Snappy Tom Whitemeat Tuna with Flaked Salmon (24 lon x 85g),Lon,
TAM2028,497655585823728,,Thùng,
TAM2029,9556106020134,TA ướt cho mèo Snappy Tom Whitemeat Chicken With Vegetables In Gravy (24 lon x 85g),Lon,
TAM2029,497655585823725,,Thùng,
TAM2030,9556106020127,TA ướt cho mèo Snappy Tom Tuna Flakes With Chicken Breast (24 lon x 85g),Lon,
TAM2030,497655585823723,,Thùng,
TAM2031,9556106020110,TA ướt cho mèo Snappy Tom Whitemeat Tuna With Chicken Breast (24 lon x 85g),Lon,
TAM2031,497655585823727,,Thùng,
TAM2032,3610026020080,TA ướt cho mèo Snappy Tom BBQ Chicken with Whitefish & Tuna Roe (24 lon x 85g),Lon,
TAM2032,497655585823689,,Thùng,
TAM2033,9556106020141,TA ướt cho mèo Snappy Tom Grilled Chicken with Prawns in a Tasty Gravy (24 lon x 85g),Lon,
TAM2033,497655585823695,,Thùng,
TAM2034,9556106020103,"TA ướt cho mèo Snappy Tom Whitemeat Chicken, Whitefish & Tuna Liver (24 lon x 85g)",Lon,
TAM2034,497655585823726,,Thùng,
TAM2035,9556106020097,TA ướt cho mèo Snappy Tom Chicken with Whitefish (24 lon x 85g),Lon,
TAM2035,497655585823694,,Thùng,
TAM2036,9556106010258,TA ướt cho mèo Snappy Tom Kitten Food Tuna in Gravy (24 lon x 70g),Lon,
TAM2036,497655585823698,,Thùng,
TAM2037,9556106010234,TA ướt cho mèo Snappy Tom Kitten Food Tuna Creamy (24 lon x 70g),Lon,
TAM2037,497655585823697,,Thùng,
TAM2038,9556106010241,TA ướt cho mèo Snappy Tom Kitten Food Chicken Creamy (24 lon x 70g),Lon,
TAM2038,497655585823696,,Thùng,
TAM2039,9310768056142,TA ướt cho mèo Snappy Tom Snappy Tom Tuna with Chicken (24 lon x 400g),Lon,
TAM2039,497655585823711,,Thùng,
TAM2040,9310768108537,TA ướt cho mèo Snappy Tom Snappy Tom Tuna with Sardine Chunk (24 lon x 400g),Lon,
TAM2040,497655585823718,,Thùng,
TAM2041,9556106019947,TA ướt cho mèo Snappy Tom Snappy Tom with Lamb Loaf (24 lon x 400g),Lon,
TAM2041,497655585823720,,Thùng,
TAM2042,8850081810102,TA ướt cho mèo Snappy Tom Snappy Tom with Beef Liver Mince in Gravy (24 lon x 400g),Lon,
TAM2042,497655585823719,,Thùng,
TAM2043,9556106019923,TA ướt cho mèo Snappy Tom Snappy Tom Chicken with Beef Liver (24 lon x 400g),Lon,
TAM2043,497655585823705,,Thùng,
TAM2044,9556106019916,TA ướt cho mèo Snappy Tom Snappy Tom Chicken with Tuna Flakes (24 lon x 400g),Lon,
TAM2044,497655585823708,,Thùng,
TAM2045,9556106019930,TA ướt cho mèo Snappy Tom Snappy Tom Chicken Loaf (24 lon x 400g),Lon,
TAM2045,497655585823704,,Thùng,
TAM2046,9556106020295,TA ướt cho mèo Snappy Tom Snappy Tom Chicken with Salmon in Gravy (24 lon x 400g),Lon,
TAM2046,497655585823706,,Thùng,
TAM2047,9556106020301,TA ướt cho mèo Snappy Tom Snappy Tom Chicken with Sardine in Gravy (24 lon x 400g),Lon,
TAM2047,497655585823707,,Thùng,
TAM2048,9310768055220,TA ướt cho mèo Snappy Tom Sardines in Smoked Salmon Jelly (24 lon x 400g),Lon,
TAM2048,497655585823702,,Thùng,
TAM2049,9310768055404,TA ướt cho mèo Snappy Tom Wholefish (24 lon x 400g),Lon,
TAM2049,497655585823729,,Thùng,
TAM2050,9310768056166,TA ướt cho mèo Snappy Tom Sardines with Chiken (24 lon x 400g),Lon,
TAM2050,497655585823703,,Thùng,
TAM2051,9556106020349,TA ướt cho mèo Snappy Tom Sardine Mince (24 lon x 400g),Lon,
TAM2051,497655585823701,,Thùng,
TAM2052,9556106010050,Pate Snappy Tom Tuna with Pineapple,Túi,
TAM2052,497655585823717,,Thùng,
TAM2053,9556106010067,Pate Snappy Tom Tuna with Mango,Túi,
TAM2053,497655585823716,,Thùng,
TAM2054,9556106010074,Pate Snappy Tom Tuna with Apple,Túi,
TAM2054,497655585823710,,Thùng,
TAM2055,9556106010081,Pate Snappy Tom Tuna with Kiwi,Túi,
TAM2055,497655585823715,,Thùng,
TAM2056,9556106010098,Pate Snappy Tom Tuna with Aloe Vera,Túi,
TAM2056,497655585823709,,Thùng,
TAM2057,9556106010104,Pate Snappy Tom Tuna with Goji Berry,Túi,
TAM2057,497655585823714,,Thùng,
TAM2058,9556106010111,Pate Snappy Tom Tuna with Egg,Túi,
TAM2058,497655585823712,,Thùng,
TAM2059,9556106010128,Pate Snappy Tom Tuna with Fish Roe,Túi,
TAM2059,497655585823713,,Thùng,
TAM2060,9556106500179,Pate Snappy Tom Chicken Breast With Pumpkin,Túi,
TAM2060,497655585823692,,Thùng,
TAM2061,9556106500155,Pate Snappy Tom Chicken Breast With Broccoli,Túi,
TAM2061,497655585823691,,Thùng,
TAM2062,9556106500162,Pate Snappy Tom Chicken Breast With Spinach,Túi,
TAM2062,497655585823693,,Thùng,
TAM2063,9556106001546,TA ướt cho mèo Kucinta Chunky Sardines (24 lon x 400g),Lon,
TAM2063,497655585823681,,Thùng,
TAM2064,9556106001522,TA ướt cho mèo Kucinta Chunky Pilchards (24 lon x 400g),Lon,
TAM2064,497655585823680,,Thùng,
TAM2065,9556106001515,TA ướt cho mèo Kucinta Seafood Basket (24 lon x 400g),Lon,
TAM2065,497655585823685,,Thùng,
TAM2066,9556106001539,TA ướt cho mèo Kucinta Fisherman's Basket in Seafood Jelly (24 lon x 400g),Lon,
TAM2066,497655585823682,,Thùng,
TAM2067,9556106020332,TA ướt cho mèo Kucinta Mackerel with Chicken (24 lon x 400g),Lon,
TAM2067,497655585823683,,Thùng,
TAM2068,9556106019800,TA ướt cho mèo Kucinta Tuna in Jelly (24 lon x 400g),Lon,
TAM2068,497655585823686,,Thùng,
TAM2069,9556106020707,TA ướt cho mèo Kucinta Chicken with Sardine in Gravy (thùng 48 túi x 80g),Túi,
TAM2069,497655585823679,,Thùng,
TAM2070,9556106020745,TA ướt cho mèo Kucinta Tuna with Surimi in Jelly (thùng 48 túi x 80g),Túi,
TAM2070,497655585823688,,Thùng,
TAM2071,9556106020714,TA ướt cho mèo Kucinta Oceanfish and Chicken in Gravy (thùng 48 túi x 80g),Túi,
TAM2071,497655585823684,,Thùng,
TAM2072,9556106020738,TA ướt cho mèo Kucinta Tuna with Anchovy in Jelly (thùng 48 túi x 80g),Túi,
TAM2072,497655585823687,,Thùng,
TAM2073,8853301012874,Thuc An Meo-Vi Ga 80g 2024,Túi,
TAM2073,497655585823668,,Thùng,
TAM2074,8853301012881,Thuc An Meo-Vi Ga & Ca Hoi 80g 2024,Túi,
TAM2074,497655585823667,,Thùng,
TAM2075,8853301012867,Thuc An Meo con-Vi Ca Hoi 80g 2024,Túi,
TAM2075,497655585823650,,Thùng,
TAM2076,8853301012843,Thuc An Meo con-Vi Ga 80g 2024,Túi,
TAM2076,497655585823651,,Thùng,
TAM2077,8853301550086,TA Meo - Vi ca Saba 80g_New,Túi,
TAM2077,497655585823566,,Thùng,
TAM2078,8853301550024,TA Meo - Vi ca ngu va ca trang 80g_New,Túi,
TAM2078,497655585823564,,Thùng,
TAM2079,8853301550123,TA Meo con-Vi Ca thu dang tui 80g_New,Túi,
TAM2079,497655585823568,,Thùng,
TAM2080,8853301550048,TA Meo con-Vi Ca ngu dang tui 80g_New,Túi,
TAM2080,497655585823567,,Thùng,
TAM2081,8853301550055,TA Meo-Vi Ca bien dang tui 80g_New,Túi,
TAM2081,497655585823569,,Thùng,
TAM2082,8853301550017,TA Meo-Vi Ca ngu dang tui 80g_New,Túi,
TAM2082,497655585823570,,Thùng,
TAM2083,8853301550031,TA Meo-Vi thu tui 80g_New,Túi,
TAM2083,497655585823571,,Thùng,
TAM2084,9334214023571,TA Meo - Vi ca ngu va thit ga 80g_New,Túi,
TAM2084,497655585823565,,Thùng,
TAM2085,9310022807619,Thuc An Meo-Vi Ca bien lon 400g,Lon,
TAM2085,497655585823660,,Thùng,
TAM2086,9310022807114,Thuc An Meo-Vi Ca moi lon 400g 2024,Lon,
TAM2086,497655585823661,,Thùng,
TAM2087,8853301742504,Thuc An Meo- Vi Ca ngu lon 400g,Lon,
TAM2087,497655585823653,,Thùng,
TAM2088,8850477018051,ME-O Delite Tuna with Bonito in Jelly - 70 g X 48 gói,Gói,
TAM2089,8850477018037,ME-O Delite Tuna with chicken Flake in Jelly-70g X 48gói,Gói,
TAM2090,8850477018075,ME-O Delite Tuna with crab stick in Jelly-70 g X 48gói,Gói,
TAM2091,8850477026322,Me-O Delite Tuna With Salmon In Gravy -70 g X 48gói,Gói,
TAM2092,8850477018013,Me-O Delite Tuna In Jelly - 70 g X 48gói,Gói,
TAM2098,8850477019751,Me-O Wet Food Tuna for Kitten- 80gr x 48gói,Gói,
TAM2099,8850477017672,Me-O Wet Food Tuna In Jelly-80gr x48gói,Gói,
TAM2100,8850477017160,Me-O Wet Food Ocean Fish - 80gr x 48gói,Gói,
TAM2101,8850477017245,Me-O Wet Food Tuna with White Fish - 80gr x 48gói,Gói,
TAM2102,8850477017184,Me-O Wet Food Sardine with Chicken and Rice - 80gr x 48gói,Gói,
TAM2103,8938529672649,Pate Hỗn Hợp Cá Hồi King’s Pet Túi 70gr,Túi,
TAM2104,8938529672434,Pate Hỗn Hợp Gà Cá King’s Pet Túi 70gr,Túi,
TAM2105,8938529672427,Pate Hỗn Hợp Gà King’s Pet Túi 70gr,Túi,
TAM2106,8938529672601,Pate Hỗn Hợp Cá King’s Pet Túi 70gr,Túi,
TAM2107,8938529672526,PATE LON CÁ NGỪ JELLY TOPPING CÁ MÚ KING'S PET BY BAO ANH 85G,Lon,
TAM2108,8938529672496,PATE LON CÁ NGỪ JELLY TOPPING CÁ HỒI KING'S PET BY BAO ANH 85G,Lon,
TAM2109,8938529672502,PATE LON CÁ NGỪ JELLY TOPPING QUINOA KING'S PET BY BAO ANH 85G,Lon,
TAM2110,8938529672519,PATE LON CÁ NGỪ JELLY TOPPING TÔM KING'S PET BY BAO ANH 85G,Lon,
TAM2111,8938529672465,PATE LON CÁ NGỪ JELLY TOPPING MỰC ỐNG KING'S PET BY BAO ANH 85G,Lon,
TAM2112,8938529672489,PATE LON CÁ NGỪ JELLY TOPPING ỨC GÀ KING'S PET BY BAO ANH 85G,Lon,
TAM2113,8938529672472,PATE LON CÁ NGỪ JELLY TOPPING BÍ ĐỎ KING'S PET BY BAO ANH 85G,Lon,
TAM2114,8938529672533,PATE LON CÁ NGỪ JELLY TOPPING CÀ RỐT KING'S PET BY BAO ANH 85G,Lon,
TAM2115,8938551644263,LaPaw Gourmet Completed Food for CAT - Beef & Chicken 375g/ TA hoàn chỉnh cho Mèo - Vị Bò & Gà 375g,Hộp,
TAM2116,8938551644171,LaPaw Gourmet Completed Food for CAT - Pure Chicken 375g/ TA hoàn chỉnh cho Mèo - Vị Gà tươi 375g,Hộp,
TAM2117,8938551644072,LaPaw Gourmet Completed Food for CAT - Tuna & Salmon 375g/ TA hoàn chỉnh cho Mèo - Vị Cá hồi & Cá ngừ 375g,Hộp,
TAM2118,8850477515406,Me-O Wet Cat Food Seafood In Jelly 400g(24 x 1/Carton),Lon,
TAM2119,8850477516403,Me-O Wet Cat Food Sardine In Jelly 400g(24 x 1/Carton),Lon,
TAM2120,8850477517400,Me-O Wet Cat Food Tuna In Jelly 400g(24 x 1/Carton),Lon,
TAM2121,8850477028647,Me-O Wet Cat Food Mackerel With Sardine 400g(24 x 1/Carton),Lon,
TAM2122,8885003130402,Pate Aatas Cat cho mèo: Aatas Cat Finest Daily Defence Tuna Whole Loin & Chicken in Jelly Formula Cat Food Hairball,Lon,
TAM2122,497655585823538,,Thùng,
TAM2123,8885003130433,Pate Aatas Cat cho mèo: Aatas Cat Finest Daily Defence Tuna Whole Loin & Chicken in Jelly Formula Cat Food UTH,Lon,
TAM2123,497655585823540,,Thùng,
TAM2124,8885003130426,Pate Aatas Cat cho mèo: Aatas Cat Finest Daily Defence Tuna Whole Loin & Chicken in Jelly Formula Cat Food Skin & Coat,Lon,
TAM2124,497655585823539,,Thùng,
TAM2125,8885003130457,Pate Aatas Cat cho mèo: Aatas Cat Finest Daily Defence Tuna Whole Loin & Chicken in Jelly Formula Cat Food Fecal Odour Control,Lon,
TAM2125,497655585823537,,Thùng,
TAM2126,8885003130440,Pate Aatas Cat cho mèo: Aatas Cat Finest Daily Defence Tuna Whole Loin & Chicken in Jelly Formula Cat Food Eye Care,Lon,
TAM2126,497655585823536,,Thùng,
TAM2127,8885003130419,Pate Aatas Cat cho mèo: Aatas Cat Finest Daily Defence Tuna Whole Loin & Chicken in Jelly Formula Cat Food Digestive Care,Lon,
TAM2127,497655585823535,,Thùng,
TAM2128,9003579311721,TA dạng sệtcho mèo - Hair & Skin (Jelly) 12x85g,Gói,
TAM2128,497655585823636,,Hộp,
TAM2129,8859557806984,Mckelly Cat Food - Tuna - 400 GR,Hộp,
TAM2130,8859557806991,Mckelly Cat Food - Tuna topping Chicken - 400 GR,Hộp,
TAM2131,8859557807004,Mckelly Cat Food - Tuna topping Shrimp - 400 GR,Hộp,
TAM2132,8859557807011,Mckelly Cat Food - Tuna topping Seafood - 400 GR,Hộp,
TAM2133,8859557807028,Mckelly Cat Food - Tuna topping Shirasu - 400 GR,Hộp,
TAM2134,8859557807035,Mckelly Cat Food - Tuna topping Kanikama - 400 GR,Hộp,
TAM2135,8859557807042,Mckelly Cat Food - Tuna topping Carrot - 400 GR,Hộp,
TAM2136,8859557807059,Mckelly Cat Food - Tuna topping Pumpkin - 400 GR,Hộp,
TAM2137,8855648006561,Ostech Gourmet Tuna Topping Carrot - 400GR,Hộp,
TAM2154,8936217950109,5Plus Catchy Cá ngừ và gà trong thạch cho mèo con 400g (TP0224),Hộp,
TAM2155,8936217950123,5Plus Catchy Cá ngừ và bí đỏ trong thạch cho mèo con 400g (TP0225),Hộp,
TAM2156,123456,TA Dr Coddle for Cat Hair ball care 30g,Hộp,
TAM2156,497655585823638,,Lốc,
TAM2157,123457,TA Dr Coddle for Cat Joint 30g,Hộp,
TAM2157,497655585823639,,Lốc,
TAM2158,123458,TA Dr Coddle for Cat Skin & Coat 30g,Hộp,
TAM2158,497655585823640,,Lốc,
TAM2159,123459,TA Dr Coddle for Cat Urinary tract 30g,Hộp,
TAM2159,497655585823641,,Lốc,
TAM2171,8859387702173,Lon INABA CIAO Thịt Cá Ngừ Trắng xé nhỏ Với Thạch Cá Cơm ( A02),Lon,
TAM2172,8859387702180,Lon INABA CIAO Thịt Cá Ngừ Trắng xé nhỏ Với Thạch Mực Ống (A03),Lon,
TAM2173,8859387702197,Lon INABA CIAO Thịt Cá Ngừ Trắng xé nhỏ Với Thạch Cá Ngừ Khô (A10 ),Lon,
TAM2174,8859387702203,Lon INABA CIAO Gà Phi Lê xé nhỏ Với Thạch Thanh Cua (C13),Lon,
TAM2175,8938531003820,5 Plus Catchy Cá ngừ và cá hồi trong thạch 70g (TP0172),Túi,
TAM2176,8938531003851,5 Plus Catchy Cá ngừ tôm và cà rốt trong thạch 70g (TP0175),Túi,
TAM2177,8938531003844,5 Plus Catchy Cá ngừ và gà trong thạch 70g (TP0174),Túi,
TAM2178,8859160400098,Nekko cá ngừ dạng thạch 70g (gói),Gói,
TAM2178,497655585823480,,Thùng,
TAM2179,8859160400104,Nekko cá ngừ rắc thịt gà dạng thạch 70g (gói),Gói,
TAM2179,497655585823490,,Thùng,
TAM2180,8859160400111,Nekko cá ngừ rắc thanh cua dạng thạch 70g (gói),Gói,
TAM2180,497655585823489,,Thùng,
TAM2181,8859160400128,Nekko cá ngừ rắc cá bào dạng thạch 70g (gói),Gói,
TAM2181,497655585823482,,Thùng,
TAM2182,8859160400319,Nekko cá ngừ rắc phô mai dạng thạch 70g (gói),Gói,
TAM2182,497655585823488,,Thùng,
TAM2183,8859160400333,Nekko cá ngừ rắc cá cơm sữa dạng thạch 70g (gói),Gói,
TAM2183,497655585823484,,Thùng,
TAM2184,8859160400340,Nekko cá ngừ rắc tôm và sò điệp dạng thạch 70g (gói),Gói,
TAM2184,497655585823492,,Thùng,
TAM2185,8859160400326,Nekko cá ngừ rắc trứng hấp và rong biển dạng thạch 70g (gói),Gói,
TAM2185,497655585823494,,Thùng,
TAM2186,8859160400784,Nekko cá ngừ kèm nước sốt 70g (gói),Gói,
TAM2186,497655585823481,,Thùng,
TAM2187,8859160400807,Nekko cá ngừ rắc thịt gà kèm nước sốt 70g (gói),Gói,
TAM2187,497655585823491,,Thùng,
TAM2188,8859160400814,Nekko cá ngừ rắc cá hồi kèm nước sốt 70g (gói),Gói,
TAM2188,497655585823486,,Thùng,
TAM2189,8859160400821,Nekko cá ngừ rắc cá tráp kèm nước sốt 70g (gói),Gói,
TAM2189,497655585823487,,Thùng,
TAM2190,8859160402054,Nekko cá ngừ  thanh cua kèm nước sốt 70g (gói),Gói,
TAM2190,497655585823479,,Thùng,
TAM2191,8859160400791,Nekko cá ngừ rắc tôm và sò điệp kèm nước sốt 70g (gói),Gói,
TAM2191,497655585823493,,Thùng,
TAM2192,8859160402030,Nekko cá ngừ rắc cá cơm sữa kèm nước sốt 70g (gói),Gói,
TAM2192,497655585823485,,Thùng,
TAM2193,8859160402047,Nekko cá ngừ rắc cá bào kèm nước sốt 70g (gói),Gói,
TAM2193,497655585823483,,Thùng,
TAM2194,8859160400449,Nekko cho mèo con vị cá ngừ 70g (gói),Gói,
TAM2194,497655585823503,,Thùng,
TAM2195,8859160400432,Nekko cho mèo con vị gà 70g (gói),Gói,
TAM2195,497655585823506,,Thùng,
TAM2196,8859160400975,Nekko cho mèo con vị cá ngừ và sữa dê 70g (gói),Gói,
TAM2196,497655585823505,,Thùng,
TAM2197,8859160400982,Nekko cho mèo con vị cá ngừ và cá hồi 70g (gói),Gói,
TAM2197,497655585823504,,Thùng,
TAM2198,8859160402634,Nekko cho mèo con cá hồi dạng kem 70g (gói),Gói,
TAM2198,497655585823495,,Thùng,
TAM2199,8859160402627,Nekko cho mèo con thịt gà dạng kem 70g (gói),Gói,
TAM2199,497655585823502,,Thùng,
TAM2200,8859160402597,Nekko cho mèo con cá ngừ dạng kem 70g (gói),Gói,
TAM2200,497655585823496,,Thùng,
TAM2201,8859160402603,Nekko cho mèo con cá ngừ trộn cá hồi dạng kem 70g (gói),Gói,
TAM2201,497655585823501,,Thùng,
TAM2202,8859160402610,Nekko cho mèo con cá ngừ trộn cá bào dạng kem 70g (gói),Gói,
TAM2202,497655585823500,,Thùng,
TAM2203,8859160402641,Nekko cho mèo con cá ngừ kèm nước sốt 70g (gói),Gói,
TAM2203,497655585823497,,Thùng,
TAM2204,8859160402658,Nekko cho mèo con cá ngừ rắc cá hồi kèm nước sốt 70g (gói),Gói,
TAM2204,497655585823498,,Thùng,
TAM2205,8859160402665,Nekko cho mèo con cá ngừ rắc thịt gà kèm nước sốt 70g (gói),Gói,
TAM2205,497655585823499,,Thùng,
TAM2206,8859160402122,Nekko Gold dạng sốt kem cá ngừ và dầu dừa 85g (lon),Lon,
TAM2206,497655585823514,,Thùng,
TAM2207,8859160402115,Nekko Gold dạng sốt kem cá ngừ rắc cá hồi 85g (lon),Lon,
TAM2207,497655585823513,,Thùng,
TAM2208,8859160402092,Nekko Gold cá ngừ rắc cá cơm sữa dạng thạch 85g (lon),Lon,
TAM2208,497655585823508,,Thùng,
TAM2209,8859160400517,Nekko Gold cá ngừ rắc cá bào dạng thạch 85g (lon),Lon,
TAM2209,497655585823507,,Thùng,
TAM2210,8859160400524,Nekko Gold cá ngừ và thịt gà rắc tôm và sò điệp dạng thạch 85g (lon),Lon,
TAM2210,497655585823512,,Thùng,
TAM2211,8859160402108,Nekko Gold cá ngừ rắc hải sản dạng nước sốt 85g (lon),Lon,
TAM2211,497655585823510,,Thùng,
TAM2212,8859160400494,Nekko Gold cá ngừ và thịt gà dạng nước sốt 85g (lon),Lon,
TAM2212,497655585823511,,Thùng,
TAM2213,8859160400487,Nekko Gold cá ngừ rắc cá hồi dạng nước sốt 85g (lon),Lon,
TAM2213,497655585823509,,Thùng,
TAM2214,8859160402245,Nekko Gold vị cá ngừ dạng kem 14g (thanh),Gói,
TAM2214,497655585823515,,Thùng,
TAM2215,8859160402252,Nekko Gold vị cá ngừ và thịt gà dạng kem 14g (thanh),Gói,
TAM2215,497655585823519,,Thùng,
TAM2216,8859160402269,Nekko Gold vị cá ngừ và cá hồi dạng kem 14g (thanh),Gói,
TAM2216,497655585823517,,Thùng,
TAM2217,8859160402283,Nekko Gold vị cá ngừ và hải sản dạng kem 14g (thanh),Gói,
TAM2217,497655585823518,,Thùng,
TAM2218,8859160402276,Nekko Gold vị cá ngừ và cá bào dạng kem 14g (thanh),Gói,
TAM2218,497655585823516,,Thùng,
TAM2219,8850477027763,Me-O Delite Tuna Mousse with Goat Milk topping Katsuobushi for Kitten 70g ( 48 x 1 / Carton ),Gói,
TAM2220,8850477026506,Me-O Delite Tuna and Chicken Drumstick Flake in Jelly 70g ( 48 x 1 / Carton),Gói,
TAM2221,8850477026292,Me-O Delite Tuna with Shrimp in Gravy 70g ( 48 x 1 / Carton ),Gói,
TAM2222,8850477026285,Me-O Delite Tuna with Chicken Flake in Gravy - 70g ( 48 x 1 / Carton ),Gói,
TAM2228,4520699695470,TAMSSpoonthạchcngừ cnvằncbàoKCPG60g,Gói,
TAM2229,4520699695289,TAMSSpoonthạch cngừ cnvằn gàKCPG60g,Gói,
TAM2230,4520699602300,TAmèoSSpoon dạng thạch vị cngừ 60g,Gói,
TAM2231,4520699609897,TA mèo SSpoon sốt vị cángừ 60g,Gói,
TAM2232,4520699610435,TAmèoSSpoon sốt cngừ cnvằn gà 60g,Gói,
TAM2233,4520699604588,TAmèoSSpoon thạch cngừ & cábào 60g,Gói,
TAM2234,4520699603277,TAmèoSSpoon thạch cá ngừ & gà 60g,Gói,
TAM2238,4901133618536,TABS cho mèo hương gà và sò (CIAO Tuna (Maguro) & Chicken Fillet Scallop Flavor (IC201)),Gói,
TAM2239,4901133618604,"TABS cho mèo hương vị thịt gà, cá ngừ và sò (CIAO Soup Tuna (Maguro) & Scallop Topping Chicken Fillet (IC211))",Gói,
TAM2240,4901133618574,TABS cho mèo hương vị thịt gà và sò (CIAO Chicken Fillet Scallop Flavor (IC205)),Gói,
TAM2241,4901133618628,TABS cho mèo hương vị thịt gà và sò (CIAO Soup Chicken Fillet & Scallop (IC213)),Gói,
TAM2242,8009470014601,TA hỗn hợp hoàn chỉnh cho mèo-Monge VetSolution Dermatosis Feline 100g x 24hộp/thùng,Hộp,
TAM2243,8009470014618,TA hỗn hợp hoàn chỉnh cho mèo-Monge VetSolution Gastrointestinal Feline 100g x 24hộp/thùng,Hộp,
TAM2244,8009470014625,TA hỗn hợp hoàn chỉnh cho mèo-Monge VetSolution Urinary Struvite Feline 100g 100g x 24hộp/thùng,Hộp,
TAM2245,8009470014649,TA hỗn hợp hoàn chỉnh cho mèo-Monge VetSolution Renal and Oxalate Feline 100g x 24hộp/thùng,Hộp,
TAM2246,8936217950116,5 Plus Catchy Thịt đỏ cá ngừ trong thạch cho mèo con 400g (TP0223),Hộp,
TAM2247,8938531003868,5 Plus Catchy Cá ngừ và cá thu trong thạch 70g (TP0176),Gói,
TAM2249,8938531003837,5 Plus Catchy Cá ngừ và cá tráp trong thạch 70g (TP0173),Gói,
TAM2250,8859160401279,Nekko Senior 7+ vị cá ngừ 70g (gói),Gói,
TAM2250,497655585823520,,Thùng,
TAM2251,89938534079455,Nekko Senior 7+ vị cá ngừ rắc thịt gà 70g (gói),Gói,
TAM2251,497655585823523,,Thùng,
TAM2252,8859160401293,Nekko Senior 7+ vị cá ngừ rắc cá hồi 70g (gói),Gói,
TAM2252,497655585823522,,Thùng,
TAM2253,8859160401309,Nekko Senior 7+ vị cá ngừ rắc cá bào 70g (gói),Gói,
TAM2253,497655585823521,,Thùng,
TAM2254,4901133618567,TABS cho mèo hương vị gà và cá ngừ (CIAO Tuna (Katsuo) & Chicken Fillet Topping Dried Bonito (IC204)),Gói,
TAM2255,8801047642268,Pate mèo hộp vị cá ngừ & cá hồi 160g,Lon,
TAM2256,8801047642275,Pate mèo hộp vị cá ngừ & cua 160g,Lon,
TAM2257,8801047642015,Pate mèo hộp vị cá ngừ & gà 160g,Lon,
TAM2258,8801047646211,Pate mèo hộp vị cá ngừ & nhuyễn thể 160g,Lon,
TAM2259,8801047642022,Pate mèo hộp vị cá ngừ & phô mai 160g,Lon,
TAM2260,8994571081082,SUPERCAT ADULT OCEAN FISH 85g,Gói,
TAM2261,8994571081105,SUPERCAT ADULT TUNA & CHICKEN 85g,Gói,
TAM2262,8994571081112,SUPERCAT ADULT TUNA & PRAWN 85g,Gói,
TAM2263,8994571081099,SUPERCAT ADULT TUNA 85g,Gói,
TAM2265,8994571081129,SUPERCAT KITTEN TUNA SPECIAL 85g,Gói,
TAM2266,8994571084366,SUPERCAT MOTHER & BABY 85g,Gói,
TAM2267,6976632560301,MR.VET L-LYSINE NUTRITION CAT POUCH (70G/BAG),Gói,
TAM2268,6976632560318,MR.VET OMEGA-3 NUTRITION CAT POUCH (70G/BAG),Gói,
TAM2270,6976632560868,MR.VET TUNA NUTRITION CAT POUCH (70G/BAG),Gói,
TAM2271,6976632560875,MR.VET SALMON NUTRITION CAT POUCH (70G/BAG),Gói,
TAM2272,6976632561551,MR.VET CHICKEN & EGG YOLK NUTRITION CAT POUCH (70G/BAG),Gói,
TAM2273,6976632561506,MR.VET CHICKEN & SHRIMP NUTRITION CAT POUCH (70G/BAG),Gói,
TAM2274,6976632561513,MR.VET SALMON & PUMPKIN NUTRITION CAT POUCH (70G/BAG),Gói,
TAM2275,6976632561537,MR.VET TUNA& CARROT NUTRITION CAT POUCH (70G/BAG),Gói,
TAM2276,6976632561520,MR.VET TUNA& CRAB NUTRITION CAT POUCH (70G/BAG),Gói,
TAM2277,8859387702210,Lon INABA CIAO Gà Phi Lê xé nhỏ Với Thạch Sò Điệp (C21),Lon,
TAM2278,8855648009470,Ostech Ultra Tuna topping Kanikama in Jelly - 70GR,Gói,
TAM2279,8855648009432,Ostech Ultra Tuna topping Shirasu in Jelly - 70GR,Gói,
TAM2280,8855648009487,Ostech Ultra Tuna topping Seafood in Jelly - 70GR,Gói,
TAM2281,8855648009494,Ostech Ultra Tuna topping Scallop in Jelly - 70GR,Gói,
TAM2282,8855648009425,Ostech Ultra Tuna topping Cheese in Jelly - 70GR,Gói,
TAM2283,8855648009449,Ostech Ultra Tuna topping Salmon in Jelly - 70GR,Gói,
TAM2284,8855648009463,Ostech Ultra Tuna topping Shrimp in Jelly - 70GR,Gói,
TAM2285,8855648006554,Ostech Gourmet Original Cat Food - Tuna - 400 GR,Hộp,
TAM2286,8855648006493,Ostech Gourmet Original Cat Food - Tuna Topping Chicken - 400 GR,Hộp,
TAM2287,8855648006509,Ostech Gourmet Original Cat Food - Tuna Topping Shrimp - 400 GR,Hộp,
TAM2288,8855648006516,Ostech Gourmet Original Cat Food - Tuna Topping Seafood - 400 GR,Hộp,
TAM2289,8855648006530,Ostech Gourmet Original Cat Food - Tuna Topping Shirasu - 400 GR,Hộp,
TAM2290,8855648006547,Ostech Gourmet Original Cat Food - Tuna Topping Kanikama - 400 GR,Hộp,
TAM2291,8855648006523,Ostech Gourmet Original Cat Food - Tuna Topping Pumpkin - 400 GR,Hộp,
TAM2292,4520699605134,TAMSSpoonthạch cngừ cnvằn ccsữa 60g,Gói,
TAM2293,4520699695135,TAmèoSSpoon thạch vị cngừ KCPG 60g,Gói,
TAM2294,8009470014656,TA hỗn hợp hoàn chỉnh cho mèo-Monge VetSolution Recovery Feline 100g x 24hộp/thùng,Cái,
TAM2295,8855648009456,Ostech Ultra Tuna topping Egg and Vegetable in Jelly - 70GR,Gói,
TAM2296,9555192519485,TA Meo-Vi Ca bien dang tui 6x80g,Hộp,
TAM2297,9555192519478,TA Meo-Vi Ca ngu dang tui 6x80g,Hộp,
TAM2298,9555192519461,TA Meo-Vi thu tui 6x80g,Hộp,
TAM2299,8853301100106,TA Meo con-Vi Ca ngu dang tui 6x80g,Hộp,
TAM2300,6976632562114,MR.VET TUNA &CRAB NUTRITION CANNED CAT FOOD (400G/CAN),Can,
TAM2301,6976632562145,MR.VET TUNA &CARROT NUTRITION CANNED CAT FOOD (400G/CAN),Can,
TAM2302,6976632562152,MR.VET SALMON &PUMPKIN NUTRITION CANNED CAT FOOD(400G/CAN),Can,
TAM2303,6976632562121,MR.VET CHICKEN&EGG YOLK NUTRITION CANNED CAT FOOD (400G/CAN),Can,
TAM2304,6976632562138,MR.VET CHICKEN &SHRIMP NUTRITION CANNED CAT FOOD (400G/CAN),Can,
TAM2305,6976632561728,MR.VET VITAMIN NUTRITION CANNED CAT FOOD (400G/CAN),Can,
TAM2306,6976632561742,MR.VET L-LYSINE NUTRITION CANNED CAT FOOD (400G/CAN),Can,
TAM2307,6976632561735,MR.VET OMEGA-3 NUTRITION CANNED CAT FOOD (400G/CAN),Can,
TAM2308,8994571084809,SUPERCAT ADULT TUNA 400g,Gói,
TAM2309,8994571084922,SUPERCAT ADULT TUNA WITH BEEF 400g,Gói,
TAM2310,8994571084915,SUPERCAT ADULT TUNA WITH CRAB 400g,Gói,
TAM2311,8994571084847,SUPERCAT KITTEN TUNA 400g,Gói,
TAM2312,8994571084823,SUPERCAT KITTEN TUNA WITH SALMON 400g,Gói,
TAM2313,8850477017221,Me-O Wet Food Tuna With Sardine In Jelly For Kitten - 80g ( 12 x 4 x 1 / Carton ),Gói,
TAM2314,8850477026759,Me-O Wet Food Mackerel In Jelly - 80g ( 12 x 4 x 1 / Carton ),Gói,
TAM2315,8850477019768,Me-O Wet Food Tuna With Chicken In Jelly - 80g ( 12 x 4 x 1 / Carton ),Gói,
TAM2316,6973466948473,TA dạng sữa lắc vị gà hiệu FAENBEI dùng làm TA hỗn hợp hoàn chỉnh cho mèo (85g/bag),Gói,
TAM2317,6978326610002,"TA dạng sệt vị cá hồi, bò và dầu cá hiệu FAENBEI dùng làm TA hỗn hợp hoàn chỉnh cho mèo (85g/bag)",Gói,
TAM2318,6978326610019,"TA dạng sệt vị gà, bồ câu non & sữa dê hiệu FAENBEI dùng làm TA hỗn hợp hoàn chỉnh cho mèo (85g/bag)",Gói,
TAM2319,8853301100434,Thuc An Meo-Vi Ca Ngu & Ca Hoi 70g_2026,Túi,
TAM2319,497655585823662,,Thùng,
TAM2320,8853301100441,Thuc An Meo-Vi ca Bien &Tom 70g_2026,Túi,
TAM2320,497655585823658,,Thùng,
TAM2321,8853301100427,Thuc An Meo-Vi Ca Ngu & Ca Thu 70g_2026,Túi,
TAM2321,497655585823663,,Thùng,
TAM2322,8853301550079,Thuc An Meo-Vi Ca Thu & Ca Hoi 80g_2026,Túi,
TAM2322,497655585823664,,Thùng,
MTPCHI2034,8850126001182,PATE PURINA ONE THỨC ĂN ƯỚT CHO MÈO TRƯỞNG THÀNH (URINARY CARE) 70G,Gói,
MTPPHU1001,8936225442153,Súp thưởng sữa dê PetQ  vị vitamin,Thanh,
MTPPHU1002,8936225442177,Súp thưởng sữa dê PetQ vị cỏ mèo,Thanh,
MTPPHU1003,8936225442191,Súp thưởng sữa dê PetQ vị dầu cá,Thanh,
MTPPHU1011,8859387702012-0,Súp thưởng INABA CIAO Churu Cá Ngừ Thịt Trắng với Chất Xơ (SC-101 ),Gói,
MTPPHU1012,8859387701664-0,Súp thưởng INABA CIAO Churu Cá Ngừ với Collagen và Chất Xơ Hũ 50 thanh (TSC-14T),Hũ,
MTPPHU1013,8859387708049-0,Súp thưởng INABA CIAO Churu Cá Ngừ Mix Vị Hũ 50 thanh (TSC-11T),Hũ,
MTPPHU1014,8859387701985-0,Súp thưởng INABA CIAO Churu Cá Ngừ với Collagen (SC-74),Gói,
MTPPHU1015,8859387701954-0,Súp thưởng INABA CIAO Churu Cá Ngừ Maguro (SC-71),Gói,
SCP1004,020279995081,SŨA KMR Power 170g,Lon,
SCP1005,611974846107,Sữa cho Mèo với Glucosamine 1L,Chai,
SCP1006,8938519869349,Sữa  cho Mèo Precaten Gold 400g,Lon,
SCP1009,8938519869356,Sữa  cho Mèo Precaten Gold 100g,Hộp,
SCP1010,664533287460,Sữa cho mèo con vị sữa dê (Goat Milk),Pack,
SCP1010,497655585823609,,Gói,
SCP1011,664533287477,Sữa cho mèo vị sữa dê (Goat Milk),Pack,
SCP1011,497655585823612,,Gói,
SNM1001,8850477003743,ME-O Cat Treat Salmon Flavour - 50 gm.,Gói,
SNM1002,8850477012400,ME-O Cat Treat Shrimp Flavour - 50 gm.,Gói,
SNM1003,8850477012714,"ME-O Cat Treat Tuna, Chicken & Egg Flavour - 50 gm.",Gói,
SNM1004,8809421700665,"TA hỗn hợp - Dental ae Cat, 150gr/gói",Gói,
STM1001,8859387708049,Súp thưởng INABA CIAO Churu Cá Ngừ Mix Vị Hũ 50 thanh (TSC-11T),Hũ,
STM1002,8859387700056,Súp thưởng INABA CIAO Churu Thịt Gà Mix Vị Hũ 50 thanh (TSC-12T),Hũ,
STM1003,8859387700612,Súp thưởng INABA CIAO Churu Hải Sản Mix Vị Hũ 50 thanh (TSC-13T),Hũ,
STM1004,8859387701664,Súp thưởng INABA CIAO Churu Cá Ngừ với Collagen và Chất Xơ Hũ 50 thanh (TSC-14T),Hũ,
STM1005,8859387701954,Súp thưởng INABA CIAO Churu Cá Ngừ Maguro (SC-71),Gói,
STM1006,8859387701985,Súp thưởng INABA CIAO Churu Cá Ngừ với Collagen (SC-74),Gói,
STM1007,8859387701992,Súp thưởng INABA CIAO Churu Cá Ngừ Thịt Trắng & Sò Điệp (SC-77 ),Gói,
STM1008,8859387702005,Súp thưởng INABA CIAO Churu Phi Lê Gà & Mực (SC-79),Gói,
STM1009,8859387702012,Súp thưởng INABA CIAO Churu Cá Ngừ Thịt Trắng với Chất Xơ (SC-101 ),Gói,
STM1014,8850477020511,Me-O Creamy Treats Tuna & Tomato Flavor - 60g ( 24 X 1 / Carton ),Gói,
STM1015,8850477020559,Me-O Creamy Treats Chicken & Pumpkin Flavor - 60g ( 24 X 1 / Carton ),Gói,
STM1016,8850477020535,Me-O Creamy Treats Tuna & Goat Milk Flavor - 60g ( 24 X 1 / Carton ),Gói,
STM1017,8850477013711,ME-O Creamy Treats Crab Flavor - 60 gm.,Gói,
STM1018,8850477013704,ME-O Creamy Treats Bonito Flavor - 60 gm.,Gói,
STM1019,8850477013698,ME-O Creamy Treats Salmon Flavor - 60 gm.,Gói,
STM1020,8850477013681,Me-O Creamy Treats Chicken & Liver - 60 gm,Gói,
STM1021,8850477020528,Me-O Creamy Treats Chicken & Liver With Goat Milk Flavor - 60g ( 24 X 1 / Carton ),Gói,
STM1029,4520699759530,TAmèo SilverSpoon STC cángừ vằn 40g,Gói,
STM1030,4520699020982,TAmèo SilverSpoon STC vị cá ngừ 40g,Gói,
STM1031,4520699900062,TA mèo Silver Spoon STC vị gà 40g,Gói,
STM1032,4520699884768,TAmèo SilverSpoon STC vị cá hồi 40g,Gói,
STM1033,4520699762523,TAmèo SilverSpoon STC vị hải sản40g,Gói,
STM1034,4520699839850,TAmèo SilverSpoon STT cá ngừ vằn56g,Gói,
STM1035,4520699019559,TA mèo SilverSpoon STT vị cángừ 56g,Gói,
STM1036,4520699175071,TAmèo SilverSpoon STT vị thịt gà56g,Gói,
STM1037,4520699447413,TA mèo SilverSpoon STT vị cáhồi 56g,Gói,
STM1038,4520699262917,TAmèo SilverSpoon STT vị thịt bò56g,Gói,
STM1039,4520699076798,TA mèo Silver Spoon STT vị tôm 56g,Gói,
STM1042,6976632560349,MR.VET OMEGA-3 NUTRITION CAT TREATS (60G/BAG),Gói,
STM1043,6976632560332,MR.VET PREBIOTICS NUTRITION CAT TREATS (60G/BAG),Gói,
STM1044,6976632560325,MR.VET TAURINE NUTRITION CAT TREATS (60G/BAG),Gói,
STM1045,8859387701824,Súp thưởng INABA CIAO Churu Cá Ngừ Mix Vị Hũ 100 thanh (TSC-100L),Thanh,
STM1045,497655585823562,,Hũ,
STM1046,6941333415311,Súp thưởng mix vị Gà - Sữa - Trứng Cá / Cá Ngừ - Gà - Cá Thu #Z1531,Túi,
STM1047,6941333415328,Súp thưởng mix vị Gà - Sữa Dê - Trứng Cá / Cá Ngừ - Cá Thu - Sò Điệp #Z1532,Túi,
STM1048,6941333415335,Súp thưởng mix vị Gà - Phô Mai - Trứng Cá / Cá Ngừ - Cá Thu - Cá Trích #Z1533,Túi,
LCP1006,89938534079614,Lồng mèo hộp 3 Size L,Chiếc,
LCP1020,89938534079970,Chuồng mèo khung 75,Cái,
KMG1002,9555570900959,Khăn ướt Bioion Pets Pounce Wet Wipes mèo,Bịch,
KMG1005,4580235600283,Khăn ướt Nade Nade cho mèo-Không mùi,Gói,
MVSKMP1001,497655585823098,TABS chăn nuôi_ZYM PLUS Túi 100g,Gói,
STP1052,6925677020172,Sữa tắm SOS trắng cho mèo (530ml),Chai,
STP1054,6925677018339,"Sữa tắm dạng bọt dành riêng cho mèo, dung tích 250ml, nhãn hiệu SOS",Chai,
STP1063,8936204290157,"Sữa tắm nuôi dưỡng chống rụng lông dành riêng cho mèo, dung tích 450ml, nhãn hiệu Olive",Chai,
STP1074,6925677001959,"Sữa tắm dành riêng cho mèo, dung tích 530ml, nhãn hiệu SOS PRO",Chai,
STP1082,8938552125143,Sữa tắm mèo Diva Xanh Lá (Formula 6) 260 ml,Chai,
VSP1006,736990000101,Giảm hôi miệng cho mèo 8Oz-DF Cat Orig,Chai,
